created,text
2017-09-30T23:45:26.000Z,&gt;&gt;&gt;&gt;&gt; https://t.co/hWAKmNYqFc #iphone #apple #sale Apple iPhone 6 - 64GB - Space Gray (AT&amp;T) Smartphone https://t.co/NFpgGFZyRb
2017-09-30T23:46:01.000Z,Has anyone tried one of these Smart wireless cameras#iot #homekit #apple #smarthome https://t.co/dAzk9s4G47 #deal https://t.co/mEHtzFJq3q
2017-09-30T23:47:01.000Z,Play Pocket Mortys Tomorrow To Help With Hurricane Relief Fo‚Ä¶  - https://t.co/h7LjQ8u67x #tech #apple #gadgets #internet #ff #rt #follow
2017-09-30T23:47:44.000Z,FBI Says It May Be Able To Access Shooter‚Äôs iPhone Without... #Apple https://t.co/0FEOBwKOc4 #apple
2017-09-30T23:48:08.000Z,eBay: Apple iPhone 6 64GB Gold (Unlocked)* see notes for details on front camera https://t.co/GdBmBVIA8H #apple‚Ä¶ https://t.co/C7OHKkFWCC
2017-09-30T23:48:09.000Z,eBay: Apple iPhone 5s - 16GB - Gold (Orange) Smartphone https://t.co/1dpBQCqZfd #apple #iphone #ios https://t.co/Ea41PUhQ7K
2017-09-30T23:48:28.000Z,RT @TechL0G: ArsTechnica| Apple says Face ID didn‚Äôt actually fail during its iPhone X event  #Tech #apple #authentication‚Ä¶ 
2017-09-30T23:49:02.000Z,The latest Sio's Gadget News! https://t.co/lnrfbZ3B1G Thanks to @suusurper @sorrel_brenda @ladyukv #apple #iphone
2017-09-30T23:49:49.000Z,Poor you didn‚Äôt learn it from Steve. #apple #timcook #stevejobs https://t.co/KJUEjHMh8V
2017-09-30T23:49:54.000Z,Play Healthy Load of Points #instantwingame for a chance to win! #apple #orange #yum #fit https://t.co/otV6BGtGI8 via @SYWSweeps
2017-09-30T23:50:09.000Z,Apple Watch Face - Classic jobs. apple #applewatch #apple #applewatchface https://t.co/HPLzIKEoII https://t.co/yJQ4aHP0fN
2017-09-30T23:50:29.000Z,Home view #shotoniphone #apple #iphone7plus #landscape #queens #astoria #nyc #nycphotographer @‚Ä¶ https://t.co/5jylW1WXfb
2017-09-30T23:52:17.000Z,"That`s just superb!

#apple #ios
#phone #smartphone https://t.co/nL9B8dveb3"
2017-09-30T23:52:56.000Z,$0.99 Auction for a A1405 Battery for Apple Macbook Air #apple #macbook #macbookpro #applewatch #laptop #macbookair‚Ä¶ https://t.co/jndjVFGVhj
2017-09-30T23:53:36.000Z,"So, what‚Äôs your thoughts on #iOS11? #apple #AppleEvent #ios #iphone #ipad #newiosupdate"
2017-09-30T23:53:44.000Z,Play Healthy Load of Points #instantwingame for a chance to win! #apple #orange #yum #fit https://t.co/42mqo1Qwvx via @SYWSweeps
2017-09-30T23:54:53.000Z,RT @MerceCardus: Weekend Links: Reads on #Writing &amp; Better Living https://t.co/SKROrfTFt0 #apple #creativity #marketing #nyc #socialmedia #‚Ä¶
2017-09-30T23:56:07.000Z,eBay: Apple iPhone 6s Plus - 128GB - Gold (Unlocked) Smartphone https://t.co/I2A4gYwWur #apple #iphone #ios https://t.co/FxJb25rrEV
2017-09-30T23:56:59.000Z,RT @VitaAcrylicArt: –°olor Apples Painting On Black by VitaAcrylicOilArt https://t.co/PTURfGBeto @Etsy #apple #applepainting #kitchenwallart‚Ä¶
2017-09-30T23:57:52.000Z,The latest Ahmed AlNeaimyÔ£ø Daily!! https://t.co/oe29EOFatZ #apple #iphone
2017-09-30T23:58:17.000Z,Check out Apple iPhone 8 PLUS 64gb-GSM UNLOCKED-USA Model-Apple Warranty-BRAND NEW!A1898! #apple https://t.co/hiJAvQ9gb5 via @eBay
2017-10-01T00:00:14.000Z,How your iPhone can save your life #apple https://t.co/sa2bT0tqmw
2017-10-01T00:00:14.000Z,Browse &amp; make beautiful Apple Watch faces https://t.co/HPLzIKEoII #applewatch #apple Give your Ô£øWatch a facelift :) https://t.co/prkTPZj5oN
2017-10-01T00:00:17.000Z,Trouble Remove Apple #iCloud ? #FMI #NFB #ipad #iwatch #apple #macbookpro #mac #macbook #appledevice We can Remove #CloudUnlock
2017-10-01T00:00:52.000Z,checkout the new video review of the #apple #airpods https://t.co/1ueh7SLJWu
2017-10-01T00:02:26.000Z,RT @Cloudunlock: Trouble Remove Apple #iCloud ? #FMI #NFB #ipad #iwatch #apple #macbookpro #mac #macbook #appledevice We can Remove #CloudU‚Ä¶
2017-10-01T00:03:08.000Z,eBay: Apple iPhone 6 - 64GB - Gold (Sprint) Smartphone https://t.co/RxjdtFSmLp #apple #iphone #ios https://t.co/3W6LYZJImW
2017-10-01T00:03:08.000Z,"eBay: iPHONE 7 128GB MATTE BLACK EXCELLENT CONDITION - UNLOCKED, BOXED https://t.co/j3ondrRgAf #apple #iphone #ios https://t.co/hlvCOm3W1S"
2017-10-01T00:03:35.000Z,"Latest video is out go check it out and be a pal, and share üëçüèºüé•
-
-
 #applewatch #iphone #apple‚Ä¶ https://t.co/lJ6yOSX0r2"
2017-10-01T00:04:15.000Z,#me #picturetime #idontwearshirts #smirk #portrait #icantsmile #iphone #apple I need a haircut https://t.co/1o40W9tPPD
2017-10-01T00:06:01.000Z,"Tis the season #üçé #üçè #applepicking #huntingforhoneycrisps 
‚Ä¢
‚Ä¢
‚Ä¢
‚Ä¢
‚Ä¢
#apple #fall #autumn #mn‚Ä¶ https://t.co/gmE4A987CR"
2017-10-01T00:06:30.000Z,The latest El Tweet Diario! https://t.co/UkyR1GO2ki #apple #nacional
2017-10-01T00:07:26.000Z,"RT @Kevinwoo91: Loving my new Apple Watchüçé‚åöÔ∏è
-
-
-
#applewatch #series3 #apple #fit #lifestyle #workout #health‚Ä¶ https://t.co/XA6SlKDZ8Q"
2017-10-01T00:09:17.000Z,OMG look what the kids made me today!! ‚ù§Ô∏èÔ£ø #apple #art https://t.co/ofCuaOw0aq
2017-10-01T00:09:47.000Z,"RT @MegsSkunkey: iPhone 8 giveaway!!
https://t.co/2g6fbFVwQA
Enter here:-https://t.co/baWLm5clP1
#apple #iphone #giveaway #iphone8 #iphonex"
2017-10-01T00:09:56.000Z,Apple just acquired Regaind ‚Äì here‚Äôs a demo of the AI startup‚Äôs tech https://t.co/kBbq4Y7DUq #apple https://t.co/6yHVG1VpGO
2017-10-01T00:10:04.000Z,eBay: yellow iphone 5c https://t.co/7jceiXgI8H #apple #iphone #ios
2017-10-01T00:10:11.000Z,eBay: Apple iPhone 4s - 16GB - Black (Verizon) Smartphone https://t.co/8RifW8juiN #apple #iphone #ios https://t.co/WEta9hunhY
2017-10-01T00:10:20.000Z,Jim Carrey Countersues After Cathriona White Wrongful Death Suit as iPad‚Ä¶ https://t.co/VYm4xnBrLu #ipad #news #apple
2017-10-01T00:11:29.000Z,06-07 Tim Cook addresses FBI &amp; encryption controversy at... #Apple https://t.co/3adLfN88ZV #apple
2017-10-01T00:12:06.000Z,#apple Elon Musk‚Äôs SpaceX has plans for a rocket to Mars ‚Äî but will anyone be able to afford it? verge reports https://t.co/Y9mWm7PLia
2017-10-01T00:51:07.000Z,eBay: Apple iPhone 6 - 16GB - Space Gray (T-Mobile) Smartphone https://t.co/fqELf2arDT #apple #iphone #ios https://t.co/JXYsBgjH52
2017-10-01T00:51:09.000Z,eBay: iPhone 6s Rose Gold 16GB Spares And Repairs https://t.co/9y0Ls7owFg #apple #iphone #ios https://t.co/PMPqjn5tqo
2017-10-01T00:51:45.000Z,RT @VitaAcrylicArt: –°olor Apples Painting On Black by VitaAcrylicOilArt https://t.co/PTURfGBeto @Etsy #apple #applepainting #kitchenwallart‚Ä¶
2017-10-01T00:52:34.000Z,@6V6Sound I do not like this update at all it sucks and I find that the battery starts dying once apple start introducing new phones. #apple
2017-10-01T00:52:55.000Z,Play Healthy Load of Points #instantwingame for a chance to win! #apple #orange #yum #fit https://t.co/27j3RXko3s via @SYWSweeps
2017-10-01T00:55:17.000Z,Play Healthy Load of Points #instantwingame for a chance to win! #apple #orange #yum #fit https://t.co/sCIsYF2pXl via @SYWSweeps
2017-10-01T00:55:24.000Z,Play Healthy Load of Points #instantwingame for a chance to win! #apple #orange #yum #fit https://t.co/EEAS5jvSex via @SYWSweeps
2017-10-01T00:55:25.000Z,"Apple IPhone 7. Partir de 2600 reais. https://t.co/SaBFFooMW3
 whatsapp (31) 99557-1839
#apple‚Ä¶ https://t.co/b4kLMu5k1y"
2017-10-01T00:56:24.000Z,Here Are the 25 New #iOS11 Settings You Should Know About. #apple #ios https://t.co/f3zHxixY1U
2017-10-01T00:59:08.000Z,eBay: Apple iPhone 6 - 128GB - Gold (AT&amp;T) Smartphone https://t.co/yE8E5JdWnq #apple #iphone #ios https://t.co/VEd5kpT6pT
2017-10-01T00:59:09.000Z,"eBay: i phone 3g 16gb logic board , motherboard https://t.co/1pK2oKrE6q #apple #iphone #ios https://t.co/5I3FtPviCb"
2017-10-01T00:59:44.000Z,RT @jeffrey_flynt: This iOS11 update sucks. Opening an app is like driving with 12 behind you and you gotta turn at the next street. #apple‚Ä¶
2017-10-01T01:00:13.000Z,Browse &amp; make beautiful Apple Watch faces https://t.co/HPLzIKEoII #applewatch #apple Give your Ô£øWatch a facelift :) https://t.co/zMNTQNz5qa
2017-10-01T01:00:44.000Z,How iOS 11 Has Increased My College Productivity on the iPad Pro https://t.co/GmZb6GcfXr #technology #apple
2017-10-01T01:03:47.000Z,Make A Fall Cocktail &amp; We'll Tell You Which Candle You Should Buy #fall #Autumn #weekend #cocktails #apple #pumpkin https://t.co/YPXPYxFX0f
2017-10-01T01:28:30.000Z,@RRUNNFASTT A slice won't do- here you go my friend üòÉüçé‚ò∫Ô∏è #stem &amp; leaves on #apple https://t.co/G2oGsulgmF
2017-10-01T01:28:43.000Z,RT @yfchanmd: @RRUNNFASTT A slice won't do- here you go my friend üòÉüçé‚ò∫Ô∏è #stem &amp; leaves on #apple https://t.co/G2oGsulgmF
2017-10-01T01:28:49.000Z,"RT @MegsSkunkey: iPhone 8 giveaway!!
https://t.co/2g6fbFVwQA
Enter here:-https://t.co/baWLm5clP1
#apple #iphone #giveaway #iphone8 #iphonex"
2017-10-01T01:29:07.000Z,eBay: iPhone 7 Plus 128gb ( Product Red ) https://t.co/dvQHPmDZWc #apple #iphone #ios https://t.co/zU9qXbEXSc
2017-10-01T01:29:07.000Z,eBay: Apple iPhone 4 32gb Black In Mint Condition With Matching Original Box https://t.co/kxw071kR0F #apple #iphone‚Ä¶ https://t.co/7gYItyNiCv
2017-10-01T01:30:03.000Z,check out my line of phone cases! https://t.co/o3Czs3oi6x #phonecase #graphicdesign #art #iphone #galaxy #society6 #samsung #apple
2017-10-01T01:30:03.000Z,iPhone 8 vs 7 BEND Test! #apple https://t.co/WXVfWPIIJc
2017-10-01T01:30:49.000Z,"CAKE! @yasminacowan and @acowan1 your #apple picking skills are top notch!

#eating #eatme‚Ä¶ https://t.co/B4TuIzy4D7"
2017-10-01T01:31:13.000Z,"üòê Win a iphone8 now
#follow 
#teamfollowback 
#iphone
#MGWV
#apple
#RT
Monty Hall
üò• ‚ö°üåü https://t.co/RzU24KnMtl"
2017-10-01T01:31:25.000Z,#apple Apple iPhone 6s Plus - 64GB - Rose Gold (Sprint) Smartphone https://t.co/eQZ4uvL4lA
2017-10-01T01:31:58.000Z,"Afternoon in the farm picking apples
üçèüöúüë®üèº‚Äçüåæwith the familyüëç

.
.
.
#therefugechef #fall #apple‚Ä¶ https://t.co/3vPlyKcmtu"
2017-10-01T01:32:41.000Z,Perfect Saturday in September at the apple orchard #apple #applepicking #orchard #saturday #fun‚Ä¶ https://t.co/v2Upl50vNz
2017-10-01T01:33:25.000Z,Play Healthy Load of Points #instantwingame for a chance to win! #apple #orange #yum #fit https://t.co/WSg2tIInxe via @SYWSweeps
2017-10-01T01:34:56.000Z,How do you track an iPhone ? #iphone #apple
2017-10-01T01:35:05.000Z,Loved it. My new favorite author. GLIMPSE OF DEATH #Retweet #rtravel #fridayfeeling #success #Amazon #apple https://t.co/RkoFgrlKZN
2017-10-01T01:35:06.000Z,The latest The Yahya La Daily! https://t.co/sAOfn7c9EA Thanks to @relevant_source @MrRightServices @NAUTICKO #apple
2017-10-01T01:36:03.000Z,Apple cinnamon togetherness. #food #applecinnamon #apple #cinnamon #AppleCinnamonToastCrunch #SpecialK #cereal‚Ä¶ https://t.co/faZh7cOTao
2017-10-01T01:36:05.000Z,RT @mattkomarnicki: Poor you didn‚Äôt learn it from Steve. #apple #timcook #stevejobs https://t.co/KJUEjHMh8V
2017-10-01T01:36:22.000Z,RT @hiphopbling: Brushed Aftermarket Gold Band for iWatch! #hiphopjewelry #hiphoplife #jewelry #apple #iwatch #new #rap #gold‚Ä¶ 
2017-10-01T01:36:29.000Z,RT @iphoneschool: This is awesome! Customization of the Control Center! #iphone #iOS11 #apple https://t.co/8uX45o8ANt
2017-10-01T01:36:39.000Z,RT @iphoneschool: This is awesome! Customization of the Control Center! #iphone #iOS11 #apple https://t.co/8uX45o8ANt
2017-10-01T01:36:39.000Z,eBay: Apple iPhone 6 Plus - 16GB - Gold (AT&amp;T) Smartphone (READ DESCRIPTION) https://t.co/An2hyTXwHY #apple #iphone‚Ä¶ https://t.co/Xow22gHDhr
2017-10-01T01:36:38.000Z,eBay: IPhone 6s 64gb won't turn on not barred https://t.co/yuRxWZPJBg #apple #iphone #ios https://t.co/nuuExZnwUe
2017-10-01T01:39:58.000Z,"RT @MegsSkunkey: iPhone 8 giveaway!!
https://t.co/2g6fbFVwQA
Enter here:-https://t.co/baWLm5clP1
#apple #iphone #giveaway #iphone8 #iphonex"
2017-10-01T01:41:16.000Z,Apple Shares New Ad Showcasing Portrait Lighting Mode on the iPhone 8 Plus https://t.co/U5qjEyD8oP #apple #macrumors #media
2017-10-01T01:41:56.000Z,"RT @MegsSkunkey: iPhone 8 giveaway!!
https://t.co/2g6fbFVwQA
Enter here:-https://t.co/baWLm5clP1
#apple #iphone #giveaway #iphone8 #iphonex"
2017-10-01T01:42:28.000Z,"Firefox Updated With Screenshot Feature, Cross-Platform Tab Delivery, and Form Autofilling https://t.co/fjXrMjsbYX #apple #macrumors #media"
2017-10-01T01:45:05.000Z,A surprising crime thriller now on #Kindle DAWN GIRL #Retweet #rtravel #fridayfeeling #success #Amazon #apple https://t.co/HvN9hEggyj
2017-10-01T01:45:06.000Z,Apple‚Äôs New ‚ÄúTown Square‚Äù In Chicago Grand Opening In October https://t.co/K9nzPWYRmy #apple #grand-opening #news
2017-10-01T01:45:21.000Z,&gt;&gt;&gt;&gt;&gt; https://t.co/hWAKmNYqFc #iphone #apple #sale Apple iPhone 7 Plus (PRODUCT)RED - 128GB - (AT&amp;T) Smartphone https://t.co/8xgSG8HNUw
2017-10-01T01:46:00.000Z,eBay: Apple iPhone 8 - 64GB - Space Grey (EE) Smartphone https://t.co/9JoQZjdtYI #apple #iphone #ios https://t.co/J69wFg03Vi
2017-10-01T01:46:37.000Z,RT @VitaAcrylicArt: –°olor Apples Painting On Black by VitaAcrylicOilArt https://t.co/PTURfGBeto @Etsy #apple #applepainting #kitchenwallart‚Ä¶
2017-10-01T01:47:26.000Z,It is #apple üçépicking season in southeastern USA. Read this #article  to learn when #apples  are ripeüçéüçè.‚Ä¶ https://t.co/7DOzcjcUJC
2017-10-01T01:48:28.000Z,Why Does My iPhone Battery Die So Fast? Here's The Real Fix! #apple #battery #batterylife https://t.co/R8qohnOMRT via @payetteforward
2017-10-01T01:48:39.000Z,Play Healthy Load of Points #instantwingame for a chance to win! #apple #orange #yum #fit https://t.co/s6dOr16oOZ via @SYWSweeps
2017-10-01T01:49:41.000Z,RT @Neigh_Radio: Outside the #music i thoight this was hilarious. #iphonex  #apple #iphone. https://t.co/ICIFirucjK
2017-10-01T01:50:20.000Z,Was hoping to watch shows on our #apple tv but our @ATTCares U-verse sucks so bad we can‚Äôt.  WTF is .55 Mbps?  That is like 1996 dialup!
2017-10-01T01:51:10.000Z,iPhone 8 Plus review is up! Check out the 3 things I love about it! üì± #apple #iphone #iphone8‚Ä¶ https://t.co/hyw7uNmzqd
2017-10-01T01:52:00.000Z,"Last Fling Universal Book Link #apple #iBook 99c special #look4books #amreading #eartg #erotica  #bookboost

https://t.co/doKt46rvOR"
2017-10-01T01:52:20.000Z,"RT @MegsSkunkey: iPhone 8 giveaway!!
https://t.co/2g6fbFVwQA
Enter here:-https://t.co/baWLm5clP1
#apple #iphone #giveaway #iphone8 #iphonex"
2017-10-01T01:53:07.000Z,eBay: Broken iphone 6se rose https://t.co/F7UND0952h #apple #iphone #ios https://t.co/CNeoZDF7Sn
2017-10-01T01:53:05.000Z,eBay: Apple iPhone 8 - 64GB - Gold (Unlocked) Smartphone https://t.co/JDTRgj0Ee8 #apple #iphone #ios
2017-10-01T01:53:30.000Z,Iphone 8+ seems bigger than my dick #smh #iphone #apple #gobigorgohome
2017-10-01T01:56:07.000Z,"#4: ARTIZLEE - ATL-21T Tablet 10 ...
https://t.co/PrzzEUJ0o8

#apple #android #microsoft #news #offerte #whatsapp #twitter #computer"
2017-10-01T01:56:42.000Z,The latest Photography Deals! https://t.co/aRhBQZIWnt Thanks to @storming #apple #mac
2017-10-01T01:56:46.000Z,"#2: Stampante Samsung Xpress M2070W ...
https://t.co/Yo46IgnbG0

#apple #android #microsoft #news #offerte #whatsapp #twitter #computer"
2017-10-01T01:56:50.000Z,okay how annoying is not having a headphone jack #iphone7 #apple #iphone8
2017-10-01T01:57:08.000Z,"#1: Uping Mouse Sensore Ottico ...
https://t.co/cOOKCFGzdi

#apple #android #microsoft #news #offerte #whatsapp #twitter #computer"
2017-10-01T01:57:17.000Z,The latest Apple iOS OSX Daily! https://t.co/kcZizJGyn6 Thanks to https://t.co/5HIAExNpPe @mlmably @spiceandtea #apple #ios
2017-10-01T01:58:51.000Z,Play Healthy Load of Points #instantwingame for a chance to win! #apple #orange #yum #fit https://t.co/UF0cJJanIW via @SYWSweeps
2017-10-01T01:59:30.000Z,"RT @HeatherErotica: Last Fling Universal Book Link #apple #iBook 99c special #look4books #amreading #eartg #erotica  #bookboost

https://t.‚Ä¶"
2017-10-01T02:00:04.000Z,7 Reasons to Fall for Bayfield + Apple Festival https://t.co/2zC83emsPh #bayfield #applefest #bayfieldapplefestival #fall #harvest #apple
2017-10-01T02:00:25.000Z,Browse &amp; make beautiful Apple Watch faces https://t.co/HPLzIKEoII #applewatch #apple Give your Ô£øWatch a facelift :) https://t.co/OiweXwU5fl
2017-10-01T02:00:36.000Z,Questioning if I am still in reality. #apple #OpenSource https://t.co/jEx5OI2rsf
2017-10-01T02:01:08.000Z,eBay: Apple iPhone 7 - 128GB - Silver (AT&amp;T) Smartphone Excellent Condition https://t.co/qO86YpmIPw #apple #iphone‚Ä¶ https://t.co/fqKZ7ZE3Bv
2017-10-01T02:01:36.000Z,"WE THE CREATORS .
- - - - - 
#shotoniphone #apple #vsco #vscocam https://t.co/6MgS8R6TmN"
2017-10-01T02:06:47.000Z,RT @krisyunanta: Apple New White Paper &amp; Support Document #apple https://t.co/WAEysSjFY5
2017-10-01T02:07:06.000Z,"#apple How does the new ‚ÄòBlade Runner‚Äô compare with the old one? According to NPR, it‚Äôs ‚Äúeven sharper‚Äù‚Ä¶ https://t.co/3zZLrfHw1v"
2017-10-01T02:07:17.000Z,"RT @yfchanmd: Sadly I don't know how to cook nor bake (except for ""premade"" fridge type cookie dough) so here's some #apple eye c‚Ä¶ "
2017-10-01T02:07:29.000Z,Apple unveils its new smaller iPhone #Apple... #Apple https://t.co/UEQ4kOubru #apple
2017-10-01T02:09:07.000Z,eBay: Apple iPhone 7 Plus - 128GB - Rose Gold (AT&amp;T) Smartphone https://t.co/M8WgbNKkE7 #apple #iphone #ios https://t.co/NJfc4iwwiT
2017-10-01T02:10:45.000Z,Play Healthy Load of Points #instantwingame for a chance to win! #apple #orange #yum #fit https://t.co/KkGu3s3hYp via @SYWSweeps
2017-10-01T02:12:22.000Z,Hey @Apple the new #ios11update is draining my battery. #fixitnow #apple
2017-10-01T02:40:57.000Z,The latest Your I.T. Guy Daily Paper! https://t.co/IZoXxTjNQu Thanks to @NoticiasiPhoneB @valv0 #apple #iphone
2017-10-01T02:41:00.000Z,"RT @scienconomy: Which do you prefer?
#iphonex #pixel2 #apple #google https://t.co/LAqDVwuAHy"
2017-10-01T02:41:14.000Z,ArsTechnica| Apple‚Äôs radically different smartphone is called the iPhone X  #Tech #apple #iphone‚Ä¶ https://t.co/FhNmeP3N58
2017-10-01T02:42:23.000Z,All The News From Apple‚Äôs iPhone Event #Apple... #Apple https://t.co/ZI40em59Yg #apple
2017-10-01T02:43:42.000Z,Apple Watch Face - Flux. flux #applewatch #apple #applewatchface https://t.co/HPLzIKEoII https://t.co/rnTSqih7HD
2017-10-01T02:45:08.000Z,‚ù§R‚ààTW‚àà‚ààT if you NEED MORE FOLLOWERS‚ù§ Join #TeamBossyGals RT share our #Love‚ûΩ https://t.co/YrMQKD7oOt #apple
2017-10-01T02:45:26.000Z,Sunday Service... #apple #iphone6s #12mp #meetingwithlord #lord #church #sundayservice #withlove‚Ä¶ https://t.co/P8GKyiU0fv
2017-10-01T02:45:36.000Z,&gt;&gt;&gt;&gt;&gt; https://t.co/hWAKmNYqFc #iphone #apple #sale ((((((( Apple iPhone 8 - 256GB - Gold (AT&amp;T) )))))) https://t.co/iX3GGnUT5i
2017-10-01T02:46:47.000Z,Play Healthy Load of Points #instantwingame for a chance to win! #apple #orange #yum #fit https://t.co/DchcUmORIK via @SYWSweeps
2017-10-01T02:47:04.000Z,eBay: Apple iPhone 6s - 16GB - Rose Gold (Unlocked) Smartphone https://t.co/HnUoQ4XMgx #apple #iphone #ios https://t.co/RqKLN64gFo
2017-10-01T02:47:04.000Z,eBay: Apple iPhone 6 - 64GB - Space Gray (AT&amp;T) Smartphone https://t.co/Seb6hTT3Sl #apple #iphone #ios https://t.co/0Mbs4xUCua
2017-10-01T02:48:33.000Z,RT @TechL0G: ArsTechnica| Apple‚Äôs radically different smartphone is called the iPhone X  #Tech #apple #iphone‚Ä¶ 
2017-10-01T02:50:33.000Z,Music Premiere: Say Grace - Gabriel Cannon https://t.co/nds3UHi3Xf #believeinyourself #ican #billgates #apple #inspiration #gtbank #airtel
2017-10-01T02:53:30.000Z,#apple @ Ethics Music Lounge https://t.co/1NP1tPcbNy
2017-10-01T02:54:05.000Z,eBay: 5 x Apple iPhone 5s A1457 Space Grey Smartphones *Spares https://t.co/zqhmCezWoV #apple #iphone #ios https://t.co/ZiIwpAZkQ8
2017-10-01T02:54:06.000Z,eBay: Apple iPhone 6 Plus - 64GB - Space Gray (Verizon) Smartphone https://t.co/tYyxXosj2A #apple #iphone #ios https://t.co/Fpwt4WDFeb
2017-10-01T02:54:44.000Z,Apple unveils its new smaller iPhone #Apple... #Apple https://t.co/MrjJE0Vbpc #apple
2017-10-01T02:58:10.000Z,i want ios10 back!!! ios11 sucks so bad please let us switch back.  #apple #ios11 #sucks
2017-10-01T02:58:50.000Z,06-07 Tim Cook addresses FBI &amp; encryption controversy at... #Apple https://t.co/aczHEL6pZ7 #apple
2017-10-01T03:00:25.000Z,Browse &amp; make beautiful Apple Watch faces https://t.co/HPLzIKEoII #applewatch #apple Give your Ô£øWatch a facelift :) https://t.co/tlFlhbUtnl
2017-10-01T03:00:49.000Z,Apple Posts iPhone X Environmental Report #apple #iphonex #iphone #appstore #applenusic https://t.co/RjYOwnjbtm
2017-10-01T03:00:53.000Z,"üëµ Win a iphone8 now
#follow 
#teamfollowback 
#iphone
#MGWV
#apple
#RT
Brandon Ingram
üëÆ ‚ô•‚ô•‚ô•‚ô• https://t.co/Nz9ksAya5F"
2017-10-01T03:00:58.000Z,#iphone recovery stick https://t.co/iKcGcubjcP #cheaters #datarecovery #spy #jailbreak #apple https://t.co/YqFoPt3wJq
2017-10-01T03:00:59.000Z,Apple Raisin Custard Pie https://t.co/kr2jWoIGb6 #apple #custard #pie https://t.co/jx3ftsGzUS
2017-10-01T03:01:05.000Z,eBay: iPhone 6s Mobile Phone EE Gold 16GB With Box Smashed Screen https://t.co/AJyO4fySHl #apple #iphone #ios https://t.co/rw1tfUsvXi
2017-10-01T03:01:07.000Z,eBay: Apple iPhone 6 - 64GB - Space Gray (Sprint) Smartphone - Great Condition! https://t.co/zcw5jb5mxc #apple‚Ä¶ https://t.co/PqTYknzGol
2017-10-01T03:01:18.000Z,#Cut #the Rope: #Experiments (Free) https://t.co/XTcVparYua #apple App Apes Review. https://t.co/e5Jnz0pqT6
2017-10-01T03:02:45.000Z,RT @IntrovertBaker: Apple Raisin Custard Pie https://t.co/kr2jWoIGb6 #apple #custard #pie https://t.co/jx3ftsGzUS
2017-10-01T03:03:07.000Z,"An apple a day keeps the doctors away.
#sotrue #wisewords #apple #simple #clean #eat #food #yum #snack #red‚Ä¶ https://t.co/AGDypVRpO8"
2017-10-01T03:03:28.000Z,"How Apple is taming the ad business
https://t.co/Gu1gwTBRwR
#apple #Google #Facebook https://t.co/kmcGDmpGdo"
2017-10-01T03:04:24.000Z,"RT @GaryDower: Apple Quietly Patches macOS Security Bypass Vulnerability 
https://t.co/wXIimtMmQq 

#cybersecurity #apple #macos #security‚Ä¶"
2017-10-01T03:05:37.000Z,"RT @GaryDower: Apple Quietly Patches macOS Security Bypass Vulnerability 
https://t.co/wXIimtMmQq 

#cybersecurity #apple #macos #security‚Ä¶"
2017-10-01T03:05:37.000Z,Train Up Your Own Robot With The New Pixel App For The iPhone &amp; iPad https://t.co/YTsDLL3JPy #accessories #apple #apps
2017-10-01T03:08:00.000Z,"„ÄêSwift„ÄëUITableViewDelegate„ÉªUITableViewDataSource 
#swift
#xcode
#iOS
#iphone
#apple
https://t.co/JXJGpYTtw3"
2017-10-01T03:09:07.000Z,eBay: FAKE WORKING Iphone 7 plus unlocked 32gb with case https://t.co/fAilNJL2s9 #apple #iphone #ios https://t.co/kMO0SeggFa
2017-10-01T03:09:08.000Z,eBay: Iphone 5S 16Gb Gold https://t.co/ywqK0wiTqK #apple #iphone #ios https://t.co/td8pGri0Fr
2017-10-01T03:09:29.000Z,Come #crownthenight with #crownroyal on #gamedays! #diageorep #delicious #apple #vanilla #whisky #orlando #florida‚Ä¶ https://t.co/bHzyq8r1nl
2017-10-01T03:10:03.000Z,Amazon Prime Member? Borrow for #Free EXECUTIVE #SoundCloud #Retweet #rtravel #fridayfeeling #success #apple https://t.co/yoi2xIpmgv
2017-10-01T03:11:18.000Z,party animals ü§£ #vsco #selfie #instagram #florida #photo #iphone #apple #iPhone8Plus #photographer #photograhy https://t.co/ZMMrKxerpG
2017-10-01T03:13:10.000Z,"RT @PartapGaurav: @SrideviBKapoor speaks about #apple products &amp; #iPhone8India
#Sridevi looking.. so stylish.. fabulous look..üëçüëå
 https://t‚Ä¶"
2017-10-01T03:16:04.000Z,eBay: Apple iPhone 7 Plus (PRODUCT)RED - 256GB - (Unlocked) Verizon https://t.co/bN1bY0oMMg #apple #iphone #ios
2017-10-01T03:16:06.000Z,"eBay: Apple-iPhone-6-16,64,128GB- Gold-Silver-Grey- Unlocked-Pristine condition https://t.co/YkA4G45z2u #apple‚Ä¶ https://t.co/e0yMMcHldy"
2017-10-01T03:16:30.000Z,RT @jeffrey_flynt: This iOS11 update sucks. Opening an app is like driving with 12 behind you and you gotta turn at the next street. #apple‚Ä¶
2017-10-01T03:21:46.000Z,#Wood #cufflinks Magical #apple #handmade #wedding #gift by TrueWilderness https://t.co/kte9LPmuvY via @Etsy
2017-10-01T03:24:05.000Z,eBay: Apple iPhone SE - 64GB - Gold (Unlocked) Smartphone https://t.co/8EYwfaNYSm #apple #iphone #ios https://t.co/SVQlD5JZua
2017-10-01T03:25:30.000Z,"RT @danielamacorin: @piraco75 @MiuVermillion @jasmoonbutterfl @angelicabrigade I could eat the sky 
like an #apple 
but I'd rather 
ask‚Ä¶ "
2017-10-01T03:26:27.000Z,"What happened to the video app #apple? #ios11.0.1
I don‚Äôt need or want the TV app....hello?"
2017-10-01T03:28:26.000Z,Play Healthy Load of Points #instantwingame for a chance to win! #apple #orange #yum #fit https://t.co/wkzlqFplkK via @SYWSweeps
2017-10-01T03:30:06.000Z,"RT @Kevinwoo91: Loving my new Apple Watchüçé‚åöÔ∏è
-
-
-
#applewatch #series3 #apple #fit #lifestyle #workout #health‚Ä¶ https://t.co/XA6SlKDZ8Q"
2017-10-01T03:30:06.000Z,eBay: Genuine Leather Book Style Flip Case With Stand For iPhone 7 https://t.co/VYZyCFQAAu #apple #iphone #ios https://t.co/tdfHQNBcWd
2017-10-01T03:30:07.000Z,eBay: Apple iPhone 8 - 64GB - Rose Gold (AT&amp;T) Smartphone https://t.co/12QJe0CAeT #apple #iphone #ios https://t.co/wDvvHaICT3
2017-10-01T03:30:12.000Z,A transfixing story :) Instant preview EXECUTIVE #SoundCloud #rt  #rtravel #fridayfeeling #success #Amazon #apple https://t.co/NCWlQGpWON
2017-10-01T03:30:13.000Z,"It's September 30, 2017 at 11:30PM, #METROPCS + #TMOBILE #DEVICE #UNLOCK #APPLICATION On Sale SWIFTUNLOCK. #samsung #iphone #apple #LG"
2017-10-01T18:28:47.000Z,The latest The Lawrence D. Elliott Daily! https://t.co/t6Ugde7DwG Thanks to @julier954 @peaseblossom7 @cowgirlup1a #romance #apple
2017-10-01T18:28:49.000Z,The ultimate #apple #recipe round up is right here... have a look! https://t.co/ys4VJuuwpd via @dreamingleaving
2017-10-01T18:29:54.000Z,RT @jonny_baron: Dinner at bistro Constant with #bluewhale #apple @wellocks https://t.co/v6LRJgGFbZ
2017-10-01T18:30:01.000Z,Interessant: How to install macOS High Sierra - https://t.co/n1uzGCdveZ #apple #HighSierra
2017-10-01T18:30:06.000Z,RT @zanyjae: It's #apple season and these #recipes are a must-try... https://t.co/ys4VJuuwpd via @dreamingleaving
2017-10-01T18:30:14.000Z,Heaven on earth? #clouds #cloudporn #flight #shotoniphone #apple #monochrome #blackandwhite‚Ä¶ https://t.co/Y26TdAF6yJ
2017-10-01T18:30:21.000Z,A thriller with a political agenda  OPERATION SUNSET #Retweet #rtravel #fridayfeeling #success #Amazon #apple https://t.co/QuVWYHc9pl
2017-10-01T18:30:23.000Z,#FREE on #iPad for Kindle Unlimited Members. Enjoy STORIES UNTOLD #rt  #rtravel #fridayfeeling #success #apple https://t.co/w3OX4Jv5Sj
2017-10-01T18:30:43.000Z,"Apple unveils 4-inch iPhone SE, starts at $399 #Apple... #Apple https://t.co/Y8MWgV99gm #apple"
2017-10-01T18:31:12.000Z,"RT @Gondolatporond: Apple on concrete, dry leaf. https://t.co/F0e1D2Khrj
#agriculture #apple #autumn #art #background #nature #design #desi‚Ä¶"
2017-10-01T18:31:21.000Z,Geekbench Creator Says the iPhone Is Miles Ahead of Android https://t.co/yh3C6Iz39l #apple #tech
2017-10-01T18:31:22.000Z,Round Rects Are Everywhere! https://t.co/CBOW3Jn9R4 #apple #tech
2017-10-01T18:31:41.000Z,"RT @almanac: In bygone days, #apple #pie this good was grounds for a marriage proposal. Bake with caution! Happy #FirstDayofFall‚Ä¶ "
2017-10-01T18:32:23.000Z,MUTOUREN HIGH QUALITY phone case for Apple iPhone 6 Plus/6S https://t.co/b56Ge95vZp #apple #baby #back #bumper #cartoon #discount #coupon
2017-10-01T18:32:46.000Z,"#streetlivitypromo #Toppnatch ""WhippiN &amp; FlippiN"" out Now in Stores. #toronto #single #apple‚Ä¶ https://t.co/8pSr9lyzLw"
2017-10-01T18:33:08.000Z,MUTOUREN HIGH QUALITY phone case for Apple iPhone 6 Plus/6S https://t.co/4kwgmRz10v #apple #baby #back #bumper #cartoon #discount #coupon
2017-10-01T18:33:46.000Z,#feeding the #goat @ #applepicking with the #apple at  the #apples #place üòù @ Verger Lacroix Et‚Ä¶ https://t.co/YJocjHtZOP
2017-10-01T18:34:11.000Z,24k Gold Crystal iPhone 7 with Black Screen. Apple üçé logo option is also avaible. #apple #iphone7 #24k #gold #custom https://t.co/vKByEicANA
2017-10-01T18:35:03.000Z,"Check out my review of the Apple AirPods. Some PROS &amp; CONS - https://t.co/xG67g34saI

#productreview #apple‚Ä¶ https://t.co/hcoJe3AS4Y"
2017-10-01T18:35:08.000Z,"If you are a fan of #TomClancy, don't miss  EXECUTIVE #rt  #rtravel #fridayfeeling #success #Amazon #apple https://t.co/QymBJNRdgD"
2017-10-01T18:35:40.000Z,"RT @frugalfoodiemom: From the sweet to the savory, here are 31 tasty #apple recipes you can enjoy each day of October&gt;&gt;‚Ä¶ "
2017-10-01T18:36:02.000Z,Interview: #apple‚Äôs Craig Federighi answers some burning questions about Face ID https://t.co/rVCgav465y
2017-10-01T18:36:05.000Z,FBI won't be forced to reveal San Bernardino iPhone hacking tool https://t.co/uiNx3P5djz #apple #encryption #engadget
2017-10-01T18:36:06.000Z,eBay: USED APPLE IPHONE 6S PLUS 16GB PARTS Only !!! https://t.co/9XjFphRQoL #apple #iphone #ios https://t.co/1XVbPsUsG7
2017-10-01T18:36:07.000Z,Play Healthy Load of Points #instantwingame for a chance to win! #apple #orange #yum #fit https://t.co/RBAlH6pZOC via @SYWSweeps
2017-10-01T18:36:08.000Z,eBay: Apple iPhone 3GS - 16GB - White (O2) Smartphone https://t.co/fUYjm6qZAi #apple #iphone #ios https://t.co/09iKygCqEV
2017-10-01T18:36:08.000Z,"Sadly, I agree with most of this article. #apple #design https://t.co/cgS3LJjsf1"
2017-10-01T18:36:52.000Z,Wrap your Series 3 in Italian leather with Meridio‚Äôs Apple Watch bands [Watch Store] - iOS News https://t.co/2lhCXugcBg #ios #iosdev #apple
2017-10-01T18:37:49.000Z,RT @appitizeus: FBI won't be forced to reveal San Bernardino iPhone hacking tool https://t.co/uiNx3P5djz #apple #encryption #engadget
2017-10-01T18:38:08.000Z,MUTOUREN HIGH QUALITY phone case for Apple iPhone 6 Plus/6S https://t.co/aVOErea0Gg #apple #baby #back #bumper #cartoon #discount #coupon
2017-10-01T18:39:49.000Z,RT @swittp: Just updated my IPhone now it‚Äôs slow and buggy !!! @Apple @AppleSupport what a con #apple time to move to @SamsungMobile
2017-10-01T18:39:50.000Z,"RT @Chobani: Gluten free, three types of probiotics and 12g of protein. Now that‚Äôs a good #apple. #Chobani https://t.co/mVES7SC0ug"
2017-10-02T15:53:38.000Z,Play Healthy Load of Points #instantwingame for a chance to win! #apple #orange #yum #fit https://t.co/Kusp1GGQHt via @SYWSweeps
2017-10-02T15:53:53.000Z,RT @burhanuddinyous: Apple working closely with Microsoft Office. Sounds good to me #apple #ipadpro $AAPL http://t.co/rS59KbxNDW
2017-10-02T15:54:26.000Z,RT @e__soriano: I love the message: ‚Äú‚Ä¶ a suggestion: a macOS bug bounty program (for charity)‚Äù #osx #apple #0day https://t.co/K4uag4JhKt
2017-10-02T15:54:35.000Z,Apple Watch Series 3 Review (pls RT‚Ü∫‚ù§Ô∏è) https://t.co/tyI89SI8w8 #consumertech #wearables #science #gadgets #gear #apple #te
2017-10-02T15:55:41.000Z,"I've been using the same laptop for 8 years. Need a new one now. Please recommend. 
#dell #HP #lenovo #apple"
2017-10-02T15:55:50.000Z,Probably the best photo taken of me. üçé #apple #iphone8plus https://t.co/3EY0emaTsA
2017-10-02T15:56:07.000Z,Ring Unveils $199 Home Security System With iPhone Notifications - iOS News https://t.co/ba8zhR84V3 #ios #iosdev #apple
2017-10-02T15:56:41.000Z,"RT @TooMuch_Juice: went thru a lot to get this to y'all. hope you enjoy it ! 

I know present. 
Game &amp; Ambition. 

#apple #tidal‚Ä¶ "
2017-10-02T15:57:10.000Z,eBay: Apple iPhone 5S 16GB Silver AT&amp;T Cracked CLEAN IMEI https://t.co/D3uGYpV0Yq #apple #iphone #ios https://t.co/50aAxMqhyz
2017-10-02T15:57:31.000Z,RT @e__soriano: I love the message: ‚Äú‚Ä¶ a suggestion: a macOS bug bounty program (for charity)‚Äù #osx #apple #0day https://t.co/K4uag4JhKt
2017-10-02T15:59:09.000Z,eBay: IPhone 6 - needs a new screen https://t.co/9bUPjIXnQW #apple #iphone #ios https://t.co/23pFtTVnrQ
2017-10-02T15:59:49.000Z,"10 year
#apple https://t.co/F31pMa4ugj"
2017-10-02T16:00:07.000Z,Stepping into fall...Soft beautiful Eyebrows before ChristmasüçÅ#apple via https://t.co/KLQICdXTYk https://t.co/H1P03VOCuM
2017-10-02T16:00:15.000Z,Play Healthy Load of Points #instantwingame for a chance to win! #apple #orange #yum #fit https://t.co/6ihW3s60PM via @SYWSweeps
2017-10-02T16:00:22.000Z,Browse &amp; make beautiful Apple Watch faces https://t.co/HPLzIKEoII #applewatch #apple Give your Ô£øWatch a facelift :) https://t.co/F55Z14ZNrL
2017-10-02T16:01:08.000Z,A discovery in the mountains could lead to big things for #apple #genetics &gt;&gt; https://t.co/N6TiPJrSUa @BTIscience‚Ä¶ https://t.co/mUtqldNtg9
2017-10-02T16:01:10.000Z,The new #apple Watch Series 3 with cellular looks awesome with a Product(RED) band! https://t.co/1SX560Zrce
2017-10-02T16:01:55.000Z,"al fresco loves sweet apple, and sweet #apple loves al fresco. https://t.co/pwhfcQHHuE"
2017-10-02T16:01:58.000Z,@AppleSupport 10 minutes of twitter usage and phone‚Äôs better down by almost 9%.. what to do? #ios11 #apple
2017-10-02T16:02:17.000Z,Updates to #applepodcast feed specification will allow #podcasters to define individual seasons  https://t.co/689hn6IqBt #apple #podcasting
2017-10-02T16:02:29.000Z,Most #delicious #apples are the ones you pick yourself. #fall #apple #appletips #agribusiness #agriculture #farmers‚Ä¶ https://t.co/a09mrFe8aF
2017-10-02T16:02:35.000Z,"We have the best team of #AppleTechSupport! Call now on our toll-free 1-855-887-0097
#apple support phone number‚Ä¶ https://t.co/e5eJrHjxMX"
2017-10-02T16:03:02.000Z,Would you like an  #IPhoneX for free? Partipate in this contest #apple #november. [https://t.co/Qzst1s3zuX] https://t.co/YAQBvD3X9X
2017-10-02T16:03:16.000Z,Apple picking! #orchard #applepicking #apple #oregon #pnw #pnwwonderland #fall https://t.co/ErI7E9tjfT
2017-10-02T16:03:24.000Z,@AppleSupport 10 minutes of #twitter usage and phone‚Äôs battery down by 9% .. what to do? #ios11 #apple
2017-10-02T16:04:30.000Z,Play Healthy Load of Points #instantwingame for a chance to win! #apple #orange #yum #fit https://t.co/pSRac8J7Zj via @SYWSweeps
2017-10-02T16:04:49.000Z,Roku takes on Apple TV with new 4K Streaming Media Stick https://t.co/qeN288B9ZW üïòüïîüíª #mac #apple #news https://t.co/RMhkD35nO6
2017-10-02T16:04:54.000Z,"SHOULD YOU INVEST IN MAKING YOUR HOME ""SMART"" #smarthome #Alexa #apple #google #home #AI‚Ä¶ https://t.co/bt95rZU81r https://t.co/8mtCCC8gXm"
2017-10-02T16:05:07.000Z,eBay: In Box Cracked Apple iPhone 5s 16GB Unlocked Clean IMEI CR PBP https://t.co/9GZeQMOBYH #apple #iphone #ios https://t.co/1YcfqPobhk
2017-10-02T16:05:25.000Z,"Refreshing, breath-taking #story telling STORIES UNTOLD #rt  #rtravel #fridayfeeling #success #apple #fiction https://t.co/eAgb93W1j7"
2017-10-02T16:06:49.000Z,"Safeway says Apple Pay rolling out across US stores in October
Read more: https://t.co/nUlCbYLn7W
#apple #MacOS‚Ä¶ https://t.co/dlROSXWINx"
2017-10-02T16:07:03.000Z,Roku takes on Apple TV with new 4K Streaming Media Stick https://t.co/FzjXSZfdZy #apple #techtips https://t.co/SZgvXddxpa
2017-10-02T16:07:07.000Z,Make the most of your Monday 10/2 with new #eBook #deals from https://t.co/FljW18CSrd :) #nook #kobo #kindle #apple https://t.co/gxVF3e2uK9
2017-10-02T16:07:09.000Z,eBay: Apple iPhone 5C 8GB White Unlocked Excellent A+ Condition With Warranty https://t.co/ok6RbpFRzM #apple‚Ä¶ https://t.co/ytN0E2Yjzm
2017-10-02T16:07:18.000Z,#apple .Safeway says #ApplePay rolling out across US stores in October https://t.co/IUqZvczB4b ‚Ä¶‚Ä¶ https://t.co/LafDU9ScKU
2017-10-02T16:07:35.000Z,"New test finds iPhone 8 Plus has the longest-lasting battery of any phone, ever https://t.co/DtQSI3lO9R why I get the 8 Plus #8plus #apple"
2017-10-02T16:08:24.000Z,Apple investigates reports of iPhone 8 splitting open https://t.co/2qwTH47scJ #apple #iPhone8 @Telegraph https://t.co/MZ7Htkl5vL
2017-10-02T16:09:56.000Z,"RT @TooMuch_Juice: went thru a lot to get this to y'all. hope you enjoy it ! 

I know present. 
Game &amp; Ambition. 

#apple #tidal‚Ä¶ "
2017-10-02T16:10:23.000Z,"13"" MacBook Air 2017 Brand New with software (Carmel) $850 https://t.co/4dLXHn3GJj #indy #apple #gear"
2017-10-02T16:10:24.000Z,"21.5"" iMac late 2015 like new with extras!! (Carmel) $800 https://t.co/5JoqezgtPF #indy #apple #gear"
2017-10-02T16:10:25.000Z,"13"" MacBook Pro 2015 ULTIMATE UPGRADES Like New With software!!! (Carmel) $1500 https://t.co/vXiFqmEe8E #indy #apple #gear"
2017-10-02T16:10:47.000Z,üì± #iphone #iphoneonly #apple #toptags top.tags #appleiphone #ios #iphone4 #iphone5 #iphone6‚Ä¶ https://t.co/VKPhnbYrwa
2017-10-02T16:10:59.000Z,"Thanks #Lassonde, we can wait. #apple juice"
2017-10-02T16:11:16.000Z,"Get Free a new #MacBook Pro with  Touch Bar, Participate Now #apple #december. [https://t.co/D2rYEyc0DF] https://t.co/9QpkfhXsKX"
2017-10-02T16:11:27.000Z,"„ÄêSwift„ÄëUITableViewDelegate„ÉªUITableViewDataSource
#swift
#xcode
#apple
#ios
#iphone

 https://t.co/cgbSQGNNeb"
2017-10-02T16:11:41.000Z,"Take super-quick #Selfies on #iPhone using 3D touch? To know more Call toll-free 1-855-887-0097.
#apple tech suppor‚Ä¶ https://t.co/LZ5U9l9M8W"
2017-10-02T16:12:00.000Z,#apple even steeled battery problem from samsung xD
2017-10-02T16:12:08.000Z,"#apple #Deals: $150-$200 off 13"" &amp; 15"" MacBook Pros; 12"" MacBooks as low as $1,199 ($100-$125 off) ‚Ä¶‚Ä¶ https://t.co/p05ITiv2B7"
2017-10-02T16:12:10.000Z,"eBay: Apple Iphone 6s, 16gb, verizon, space grey, clean esn UNLOCKED https://t.co/Fu0LrtOIxe #apple #iphone #ios https://t.co/ZV85mX2gwy"
2017-10-02T16:13:03.000Z,"Get Free a new #MacBook Pro with Touch Bar, Participate  Now #apple #december. [https://t.co/QHo18AEJi7] https://t.co/8CE3yUpksi"
2017-10-02T16:13:21.000Z,"Get Free a new #MacBook Pro with Touch Bar, Participate Now #apple  #december. [https://t.co/KI0dTKqnWm] https://t.co/MLXsNcPR6V"
2017-10-02T16:13:43.000Z,David's Politics &amp; Tech Daily is out! https://t.co/3jtDh8gzW2 Stories via @ElizabethBotros @JCoker13 @NewMediaLGBT #apple #lgbt
2017-10-02T16:14:11.000Z,eBay: Apple iPhone 8 - 64GB - Gold (Unlocked) Smartphone SEALED UNOPENED https://t.co/ovzQ2xA4WB #apple #iphone #ios https://t.co/ERvjAalejx
2017-10-02T16:14:34.000Z,An #apple a day is what they say! Apple Crisp #recipe https://t.co/jx1XJwfAlD #follow
2017-10-02T16:14:43.000Z,The latest Dark Stitch Daily! https://t.co/Nv03t6d3a3 Thanks to @TuPlanetaGM @CaraMel_DMV @vbatcher50 #apple #movies
2017-10-02T16:14:48.000Z,The latest Noticias frescas! https://t.co/0dRf4PX2sw Thanks to @ColellJudith @Redsys_es @Anayaric #apple #2oct
2017-10-02T16:15:39.000Z,"We have the best team of #AppleTechSupport! Call now on our toll-free 1-855-887-0097 
#apple support phone number
#apple id support number"
2017-10-02T16:15:46.000Z,Good Morning! A slow start here at Kim's computer. #techsupport #IT #apple #windows #microsoft #computers #CCTV #cameras #WiFi
2017-10-02T16:15:46.000Z,The latest mkshft's Apple News! https://t.co/uJHyCW0VCr Thanks to @STABusiness @JanTerkelsen @Dailylifedoses #apple #iphone
2017-10-02T16:16:07.000Z,"Sprinkles Cupcakes e #TakeAKnee: ...
https://t.co/4K612ngqI2

#apple #android #microsoft #news #offerte #whatsapp #twitter #computer"
2017-10-02T16:16:34.000Z,RT @KimsComputerOC: Good Morning! A slow start here at Kim's computer. #techsupport #IT #apple #windows #microsoft #computers #CCTV #camera‚Ä¶
2017-10-02T16:16:49.000Z,#apple #tech #mac - Hands-on: Best fast charger options for iPhone 8 and iPhone X [Video] - https://t.co/7Uer1SAl1p‚Ä¶ https://t.co/XyZtOCFoE3
2017-10-02T16:16:59.000Z,#apple TrueDepth Camera w/ #FaceID could limit #Apple's #iPhoneX production to 30M units this year ‚Ä¶‚Ä¶ https://t.co/rUegVAXtNY
2017-10-02T16:17:02.000Z,"#apple Inside #iOS11: New security feature allows users to disable #TouchID, quickly call 911 ‚Ä¶‚Ä¶ https://t.co/tJIQ4VvzqS"
2017-10-02T16:17:55.000Z,"Sorry WHAT? What‚Äôs the point of this functionality if it doesn‚Äôt... do.. anything??
#ios11 #apple #youtube https://t.co/X3IP0Gr4Ri"
2017-10-02T16:18:00.000Z,This morning I was reminded why I hate #windows and love #apple. So glad I switched from the former to the latter l‚Ä¶ https://t.co/rftvAR1fCE
2017-10-02T16:18:20.000Z,Raw Vegan Snack! Simpe &amp; Easy! *Kid Approved* https://t.co/wNJMv6qsfR via @YouTube #raw #vegan #healthy #snack #apple #quick #simple #kids
2017-10-02T16:19:07.000Z,eBay: Apple iPhone 6s - 16GB - Gold/White (AT&amp;T) Smartphone - MKQ72LL/A https://t.co/m0j5MNW9k4 #apple #iphone #ios https://t.co/SNkCEQzyZQ
2017-10-02T16:19:47.000Z,Boston Children's Hospital's Dock Health app reduces doctor paperwork‚Ä¶ https://t.co/6QOjYruH9j #ipad #news #apple
2017-10-02T16:20:14.000Z,#SAP goes #apple mad - What‚Äôs the #App Space and what‚Äôs in it for you? #ios #sapteched @SAPMobile @sapcp‚Ä¶ https://t.co/0O8tVwUPVF
2017-10-02T16:20:22.000Z,English: https://t.co/4nkqWL2xay #Movcel #Whatsapp #photos #Recoverall #DELETE #apple #android  #marketing #business
2017-10-02T16:21:04.000Z,eBay: IPhone 6 64gb Spares Or Repair https://t.co/pvEXiYpmKw #apple #iphone #ios
2017-10-02T16:21:10.000Z,#Samsung set to make over $100 for each iPhone X sold https://t.co/CB7tt8Bqk7 #android #industrynews #apple #iphonex
2017-10-02T16:21:24.000Z,#Samsung making more from iPhone X than their own Galaxy https://t.co/ilFElfWWc9 #archive #android #apple #galaxys8
2017-10-02T16:21:48.000Z,RT @VitaAcrylicArt: –°olor Apples Painting On Black by VitaAcrylicOilArt https://t.co/PTURfGBeto @Etsy #apple #applepainting #kitchenwallart‚Ä¶
2017-10-02T16:23:14.000Z,The latest The Tech In Motion Daily! https://t.co/37aCr2Eu1z Thanks to @cerosanchez @EcotJuasjuillar #apple #linux
2017-10-02T16:23:19.000Z,"Would you guys buy the IPhone X
#apple #iPhoneX #SteveJobs #technology #youtube #iPhone 
#iPhone8"
2017-10-02T16:23:40.000Z,RT @haroldlgardner: #Tech‚Äôs #FrightfulFive: They‚Äôve Got Us https://t.co/wVZE5nQxQP #google #apple #amazon #facebook #microsoft‚Ä¶ 
2017-10-02T16:24:18.000Z,ABC Juice #apple #beetroot #carrot #canyousee the #halo and it's #yum #vegan #vgnmf17 https://t.co/Gq2Al2mEM2
2017-10-02T16:24:36.000Z,#mlpfim #aj #MondayMotivation #EquestriaGirls #apple #farmgirl #mlp #brony #Applejack by ArucardPL https://t.co/xekCRq8K3T
2017-10-02T16:25:34.000Z,iOS 11 battery life is terrible https://t.co/uQjRTBuo2j #ios11 #ipad #iphone #apple
2017-10-02T16:25:42.000Z,"Get Free  a new #MacBook Pro with Touch Bar, Participate Now #apple #december. [https://t.co/3IAaaI2RS8] https://t.co/ImAmLahcwf"
2017-10-02T16:25:46.000Z,Yelp: Discover Local Favorites ‚Äì Yelp https://t.co/LddPskHblZ #apple #apps #travel
2017-10-02T16:25:52.000Z,letgo: Buy &amp; Sell Secondhand ‚Äì Ambatana Holdings B.V. https://t.co/FcM7VnULIB #apple #apps #shopping
2017-10-02T16:26:11.000Z,"Awesome Mac apps for photo editors, coders and more [Deals] - iOS News https://t.co/9XmKgrSNLl #ios #iosdev #apple"
2017-10-02T16:26:12.000Z,Hands-on: Best fast charger options for iPhone 8 and iPhone X [Video] - iOS News https://t.co/MxQhcD0ivE #ios #iosdev #apple
2017-10-02T16:26:48.000Z,"How Amazon, Apple, Facebook and #Google Are Changing #Publishing | Digital Book World https://t.co/6q7ITeDddT #amazon #apple #ebook #epub"
2017-10-02T16:27:01.000Z,RT @developertee: Running Linux on your Mac? Check out this tee from @Teespring: https://t.co/3x3pMU0XLb #apple #linux #ubuntu #elementaryos
2017-10-02T16:27:44.000Z,RT @OmagaMike: #mlpfim #aj #MondayMotivation #EquestriaGirls #apple #farmgirl #mlp #brony #Applejack by ArucardPL https://t.co/xekCRq8K3T
2017-10-02T16:28:30.000Z,Hands-on: Best fast charger options for iPhone 8 and iPhone X [Video] https://t.co/LNxMG93TI6 #apple
2017-10-02T16:28:31.000Z,Roku takes on Apple TV with new 4K Streaming Media Stick https://t.co/00e9qCGd9Y #apple
2017-10-02T16:28:53.000Z,RT @AndroidAuth: Why are #apple‚Äôs chips faster than #qualcomm‚Äôs? ‚Äì Gary explains https://t.co/M7vbizPeas https://t.co/qap5uqFwgv
2017-10-02T16:29:08.000Z,#iOs11.0.1 latest #iphone feeling for the #iphone5s even üòçüòçüòç #apple https://t.co/Qif8Mh8ipX
2017-10-02T16:29:06.000Z,KGI: TrueDepth Camera Gives Apple 2.5 Year Lead Over Android Competitors: https://t.co/uP6Ves6HdM #mac #apple
2017-10-02T16:29:10.000Z,eBay: Apple iPhone 6s - 16GB - Space Gray (Unlocked) Smartphone https://t.co/mQExheCzmb #apple #iphone #ios https://t.co/GMEBGmcVyK
2017-10-02T16:30:06.000Z,eBay: Apple Iphone 8 plus 64Gb -space Grey (unlocked) Smartphone https://t.co/ib3D3xpifn #apple #iphone #ios https://t.co/f46PON1NgY
2017-10-02T16:30:06.000Z,What would be your choice today?   #apple https://t.co/YDT581pV87
2017-10-02T16:30:08.000Z,Apple investigating reports of iPhone 8s bursting open https://t.co/GjU9LJIisD #kcotechsupport #apple #iphone8 #tech #smartphone #IoT
2017-10-02T16:30:31.000Z,Come back #multitasking 3D in #ios11.1 #apple #iphone
2017-10-02T16:30:52.000Z,"#apple #tech #mac - 9to5Toys Lunch Break: 2017 9.7-inch iPad $290, iPhone 7 256GB $600, R.B.I. Baseball for iOS $2,‚Ä¶ https://t.co/BzQ8jpEMLY"
2017-10-02T16:31:00.000Z,KGI: TrueDepth Camera Gives Apple 2.5 Year Lead Over Android Competitors https://t.co/LarSLFZjVT üçé‚ùì#iphoneüì± #apple‚Ä¶ https://t.co/QQ18YOw7O8
2017-10-02T16:31:14.000Z,"üò• Win a iphone8 now
#follow 
#teamfollowback 
#iphone
#MGWV
#apple
#RT
#DVpit
üò£ ‚ô•‚ô• https://t.co/SUWkkrkWu5"
2017-10-02T16:31:15.000Z,Apple and OnePlus sharing the stage. Way to go OP #oneplus #apple #forbesunder30 @ForbesUnder30 https://t.co/GyqA9n9oRZ
2017-10-02T16:31:32.000Z,AppleMusic #apple #news #iphone #ipad #ios9.3 #beta1 KGI: TrueDepth Camera Gives Apple 2.5 Year Lead Over Android ‚Ä¶ https://t.co/TlnIDCnKRO
2017-10-02T16:32:55.000Z,RT @AndroidAuth: Why are #apple‚Äôs chips faster than #qualcomm‚Äôs? ‚Äì Gary explains https://t.co/M7vbizPeas https://t.co/qap5uqFwgv
2017-10-02T16:33:23.000Z,Apple sells dongle that allows charging and headphone use #apple #sells #dongle #allows #charging #headphone‚Ä¶ https://t.co/h9Xx9ly4Ff
2017-10-02T16:33:36.000Z,Would you  like an #IPhoneX for free? Partipate in this contest #apple #november. [https://t.co/AWwJbQ8lVk] https://t.co/9PnYma03T0
2017-10-02T16:34:28.000Z,#weight #loss #chart #belly #fat #burner #drink #with #apple #cider #vinegar  CLICK HERE ‚û° https://t.co/TYEqgHVIrw
2017-10-02T16:35:08.000Z,I am making this for supper tonight. Hey how about for my late night snack. #snack #apple #applepie #pie‚Ä¶ https://t.co/9fgxONyBP8
2017-10-02T16:35:50.000Z,Best List: The iconic Speidel Twist-O-Flex bracelet for Apple Watch [Review] - iOS News https://t.co/M2r9sDFPtb #ios #iosdev #apple
2017-10-02T16:35:51.000Z,"9to5Toys Lunch Break: 2017 9.7-inch iPad $290, iPhone 7 256GB $600, R.B.I. Baseball - iOS News https://t.co/LsEa5WuXi4 #ios #iosdev #apple"
2017-10-02T16:35:57.000Z,KGI: TrueDepth Camera Gives Apple 2.5 Year Lead Over Android Competitors - iOS News https://t.co/ZVbuC3J31e #ios #iosdev #apple
2017-10-02T16:36:50.000Z,RT @AndroidAuth: Why are #apple‚Äôs chips faster than #qualcomm‚Äôs? ‚Äì Gary explains https://t.co/M7vbizPeas https://t.co/qap5uqFwgv
2017-10-02T16:37:25.000Z,"It's Apple time, Baby! üçé
.
.
.
#vermont #apple #season https://t.co/HWrWlmPALW"
2017-10-02T16:38:08.000Z,eBay: Apple iPhone 6 - 16GB - Space Grey (O2) Smartphone https://t.co/bQtMAkE5ut #apple #iphone #ios https://t.co/0PzLX69RDx
2017-10-02T16:38:10.000Z,eBay: Apple AT&amp;T IPhone 5 16GB Black MD638LL/A + C Grade + Free Ship + Warranty! https://t.co/CYy1OxzWZz #apple‚Ä¶ https://t.co/Yq99ePq0m5
2017-10-02T16:38:19.000Z,"üì≤‚ùéÔ∏è Accessories &amp; Spare Parts for the new Apple iPhone X. First in Europe available at GPC! üá™üá∫ 

#apple #iphonex... https://t.co/ULRuoi7yBB"
2017-10-02T16:38:41.000Z,Apple‚Äôs latest computer vision acquisition: small French startup Regaind https://t.co/df2VWBvPn4 #acquisition #acquisitions #apple
2017-10-02T16:38:43.000Z,Hands-on: Best fast charger options for iPhone 8 and iPhone X [Video] https://t.co/dOiJuDZPfS üïòüïîüíª #mac #apple #news https://t.co/ZGL5YRvpT2
2017-10-02T16:38:47.000Z,Hackintosh El Capitan Desktop Version Download Link: https://t.co/fFQbBRr5Us  #MACOS #hackintosh #apple #macbook #imac #macbookpro
2017-10-02T16:39:50.000Z,üì≤‚ùéÔ∏è Accessories &amp; Spare Parts for the new Apple iPhone X. First in Europe available at GPC! üá™üá∫ #apple #iphone‚Ä¶ https://t.co/IoUXjR22yS
2017-10-02T16:40:17.000Z,Me/CU Mobile - Municipal Employees Credit Union of Oklahoma City https://t.co/fvpA7YWWiP #apple #apps #iOS #finance
2017-10-02T16:41:08.000Z,Hands-on: Best fast charger options for iPhone 8 and iPhone X [Video] https://t.co/V17U4j42pg #apple #techtips https://t.co/5JgH8F7ZFX
2017-10-02T16:43:04.000Z,Would you like an  #IPhoneX for free? Partipate in this contest #apple #november. [https://t.co/Fvft1tz0Rt] https://t.co/Xy9k4rXh3f
2017-10-02T16:43:31.000Z,"Get Free  a new #MacBook Pro with Touch Bar, Participate Now #apple #december. [https://t.co/oKkooqn3kf] https://t.co/swISn2OU7p"
2017-10-02T16:44:08.000Z,"Sometimes you've just gotta treat yourself üíÅüèª‚Äç‚ôÇÔ∏èü§ôüèª
.
.
.
#upgrade #iphone8plus #apple #newphone‚Ä¶ https://t.co/Vswu9MpiXK"
2017-10-02T16:45:03.000Z,06-07 Live Blog: Apple expected to unveil smaller iPhone at... #Apple https://t.co/CBJSaGSoU2 #apple
2017-10-02T16:45:06.000Z,Got a Mac? Download 3rd party apps? Maybe don't download the new High Sierra OS update... https://t.co/ylGcXkzODV #cybersecurity #apple #mac
2017-10-02T16:46:08.000Z,eBay: Apple iPhone 7 (PRODUCT RED) - 128GB - (AT&amp;T) FACTORY UNLOCKED NEW https://t.co/vglpYakrAW #apple #iphone #ios https://t.co/ycPEcGsTRs
2017-10-02T16:46:36.000Z,eBay: Apple iPhone 6s Plus - 64GB - Rose Gold (EE) Cell Phones https://t.co/B57Hj34JxJ #apple #iphone #ios https://t.co/bfXtO6GEWg
2017-10-02T16:46:45.000Z,"You are a boss when you create, nurture and THEN satisfy demand. 

#marketing
#apple
#thenorthendgroup

https://t.co/yEvbIDAErD"
2017-10-02T16:47:38.000Z,An issue regarding ios11.1 whenever flight mode on or off bluetooth automatically switch on #apple #iphone#ios11.0.1
2017-10-02T16:48:09.000Z,Would you like an #IPhoneX for free? Partipate in this contest #apple  #november. [https://t.co/YKvYRFm33V] https://t.co/TO37cAdQiy
2017-10-02T16:49:24.000Z,#online #dating #community #sites #private #video #wifi #streaming #apple #vlc  CLICK HERE ‚û° https://t.co/YGrOKZDagU
2017-10-02T16:49:38.000Z,Having a great time with FTPS Team at the FRS-NJ Apple Workshop #apple #futureready     #edtech https://t.co/HxMvDnExVp
2017-10-02T16:50:06.000Z,RT @VitaAcrylicArt: –°olor Apples Painting On Black by VitaAcrylicOilArt https://t.co/PTURfGBeto @Etsy #apple #applepainting #kitchenwallart‚Ä¶
2017-10-02T16:50:09.000Z,#MyWallpaper #Iphone6s 32gb Silver #myphone #specs #iphone #apple #apps #wallpaper #share #stars #space #galaxy‚Ä¶ https://t.co/uSNOHvtXTF
2017-10-02T16:51:04.000Z,Would you like an #IPhoneX for  free? Partipate in this contest #apple #november. [https://t.co/RLfZ60zM2L] https://t.co/0ORTgidXjX
2017-10-02T16:51:14.000Z,ArsTechnica| Some iPad Pros cost $50 more today as Apple quietly ups prices  #Tech #apple #ipad‚Ä¶ https://t.co/NxZyHLidEw
2017-10-02T16:51:21.000Z,Safeway says Apple Pay rolling out across US stores in October https://t.co/lfTfuYlXhF #apple #applenews
2017-10-02T16:51:21.000Z,"Deals: 2017 15"" MacBook Pro for $2,199 ($200 off); 12"" MacBooks as low as‚Ä¶ https://t.co/OTI9T2rbgX #apple #applenews"
2017-10-02T16:51:22.000Z,TrueDepth Camera with Face ID could limit Apple's iPhone X production to‚Ä¶ https://t.co/5JbwwrYfx0 #apple #applenews
2017-10-02T16:51:24.000Z,iPhone 8 front camera ( 7 MP ) shot. Unfortunately it‚Äôs very clear and good quality #iPhone #iphone8 #apple #tech https://t.co/hLZOAAODNh
2017-10-02T16:52:24.000Z,It's that time of the year! #honeycrisp #apple üòãüòãüòãüòãüòãüçé #honeycrispapple #apples https://t.co/6vzkFtgmL0 https://t.co/HI4X8HnfUs
2017-10-02T16:53:09.000Z,#apple you need to bring this asap! https://t.co/DCmv9Uw3vc
2017-10-02T16:53:16.000Z,RT @Edward3Tech: Having a great time with FTPS Team at the FRS-NJ Apple Workshop #apple #futureready     #edtech https://t.co/HxMvDnExVp
2017-10-02T16:54:04.000Z,eBay: Apple iPhone 7 - 32GB - Rose Gold (Unlocked) Smartphone BRAND NEW IN BOX https://t.co/MsngRrgG1P #apple #iphone #ios
2017-10-02T16:55:24.000Z,"Get Free a new #MacBook Pro with Touch Bar, Participate Now #apple  #december. [https://t.co/47BgXjQaY3] https://t.co/SRCshmLlZg"
2017-10-02T16:55:42.000Z,"#apple #tech #mac - KGI: Despite production delays, TrueDepth camera puts iPhone X 2.5 years ahead of Android compe‚Ä¶ https://t.co/yMs8Zlgbke"
2017-10-02T16:55:46.000Z,KGI: TrueDepth Camera Gives Apple 2.5 Year Lead Over Android Competitors https://t.co/ShwZohMhXj  #apple #iphone-x #mac
2017-10-02T16:55:54.000Z,Ring Unveils $199 Home Security System With iPhone Notifications https://t.co/S735NeUGq5  #apple #mac #ring
2017-10-02T16:57:19.000Z,Ô£ø 22 hidden features in iOS 11     - CNET https://t.co/Ntyf8UI0L4 #apple https://t.co/cVVlntmQfv
2017-10-02T16:57:26.000Z,"Get Free a new #MacBook Pro  with Touch Bar, Participate Now #apple #december. [https://t.co/V1iA0OZjvm] https://t.co/zzNV28d3tC"
2017-10-02T16:57:34.000Z,"Oh Yeah

#apple #iphone #ipad https://t.co/mgDHUCBbOd"
2017-10-02T16:58:29.000Z,"Preview of the Quince I shot over the weekend. More to come soon.
-
-
 #womenempowerment #iphone #apple #womensfas‚Ä¶‚Ä¶ https://t.co/ATgdVL0FhB"
2017-10-02T16:58:34.000Z,The latest The ‚ú≥ Jon Carroll Daily! https://t.co/bKwn246omd #apple #ai
2017-10-02T16:59:41.000Z,Why does my phone last 4 hours max after the new update üò°üò° I‚Äôve barely touched it all day! #ios11update #apple @AppleSupport
2017-10-02T17:00:03.000Z,RT @AndroidAuth: Why are #apple‚Äôs chips faster than #qualcomm‚Äôs? ‚Äì Gary explains https://t.co/M7vbizPeas https://t.co/qap5uqFwgv
2017-10-02T17:00:32.000Z,Browse &amp; make beautiful Apple Watch faces https://t.co/HPLzIKEoII #applewatch #apple Give your Ô£øWatch a facelift :) https://t.co/mNgr2By9jn
2017-10-02T17:00:40.000Z,Install free Navigon Europe #apple #iphonex #iphone #appstore #applemusic https://t.co/gbmV115VvX
2017-10-02T17:00:42.000Z,SquareTrade Tests iPhone 8 Breakability [Video] #apple #iphonex #iphone #appstore #applenusic https://t.co/Fcps3pDe9B
2017-10-02T17:00:49.000Z,RT @ReptonAUH: Life at #RepFry is #Creative and we understand children learn in a variety of ways #curriculum #learning #apple‚Ä¶ 
2017-10-02T17:00:50.000Z,RT @Edward3Tech: Having a great time with FTPS Team at the FRS-NJ Apple Workshop #apple #futureready     #edtech https://t.co/HxMvDnExVp
2017-10-02T17:01:16.000Z,Should Apple feel threatened by Amazon's smart speaker show?https://t.co/GUvTKlGOr5 #amazon #apple #google #alexa #echo #voice #iot #tech
2017-10-02T17:01:20.000Z,Apples anyone? Bit blustery out there today. #autumn #farming #harvest #apple #windy üöúüçéüçÇüçÅüçÇ @‚Ä¶ https://t.co/HMSRCZBxpy
2017-10-02T17:01:21.000Z,"Unique, breath-taking, powerful drama STORIES UNTOLD #rt  #rtravel #fridayfeeling #success #apple #fiction #miami https://t.co/EobvyTSVNU"
2017-10-02T17:01:35.000Z,eBay: Apple iPhone 5s - 16GB - Space Grey (Unlocked) Smartphone https://t.co/XFhPbICSwB #apple #iphone #ios https://t.co/JWIeo28lIY
2017-10-02T17:01:37.000Z,eBay: Apple iPhone 6 - 128GB - Space Gray (AT&amp;T) Smartphone https://t.co/1UtpPyeS41 #apple #iphone #ios https://t.co/zLbbhSp1lO
2017-10-02T17:01:47.000Z,RT @elizabethwila: thanks #apple https://t.co/ev7YL5Y4k1
2017-10-02T17:02:01.000Z,#apple #macOSHighSierra do not update. Apple has become a huge disappointment https://t.co/ZH7hDzFmY2
2017-10-02T17:02:07.000Z,Ask Siri to divide 0 by 0 with ios 11 https://t.co/FtXkfGBPBR #apple #tech
2017-10-02T17:02:49.000Z,#news #apple back on the technology of micro-LED and withdraws part of the staff https://t.co/M9bgU8E6OW
2017-10-02T17:03:26.000Z,why has #apple #ios software gotten so buggy nowadays. Tim Crook needs to work on this üò§@ios11 even 11.1 beta 1
2017-10-02T17:03:48.000Z,"You be the Judgeüòéüëá
#Samsung #note8 vs #apple #iPhone8Plus https://t.co/jDsGzpeS0x"
2017-10-02T17:03:52.000Z,RT @actiontec: Should Apple feel threatened by Amazon's smart speaker show?https://t.co/GUvTKlGOr5 #amazon #apple #google #alexa #echo #voi‚Ä¶
2017-10-02T17:04:05.000Z,"ATTN:¬† iPhone users - #apple #iPhone

https://t.co/SaaPKtKC0n

üçé"
2017-10-02T17:04:16.000Z,There is a new #siri giving me directions now. I kind of miss OG Siri. #iPhoneUpdate #apple #RIPsiri
2017-10-02T17:05:49.000Z,The latest The Steve Jobs Tribute Daily! https://t.co/pWZNVXrQaJ Thanks to @USSANews @iPhone_News @HRportal #iphone #apple
2017-10-02T17:06:01.000Z,The latest The sander voortman Daily! https://t.co/FaJOOFVEDS Thanks to @_comicbuzz @KampenNL @BramRutgers #apple #iphone
2017-10-02T17:06:04.000Z,Play Healthy Load of Points #instantwingame for a chance to win! #apple #orange #yum #fit https://t.co/Hpl2iTLqyA via @SYWSweeps
2017-10-02T17:06:11.000Z,"KGI: Despite production delays, TrueDepth camera puts iPhone X 2.5 years ahead of - iOS News https://t.co/6LjVHPKdAP #ios #iosdev #apple"
2017-10-02T17:07:25.000Z,Play Healthy Load of Points #instantwingame for a chance to win! #apple #orange #yum #fit https://t.co/UsnwutCTDN via @SYWSweeps
2017-10-02T17:07:54.000Z,Apple unveils its new smaller iPhone #Apple... #Apple https://t.co/zwypliWMqf #apple
2017-10-02T17:09:01.000Z,Apple confirms that it‚Äôs investigating reports of swelling iPhone 8 batteries https://t.co/UMIE9Wh9eB #apple #iphone-8 #mobile
2017-10-02T17:09:03.000Z,Our first official look at the iPhone X packaging is hidden on Apple‚Äôs website https://t.co/xpyeRivMal #apple #iphone-x #mobile
2017-10-02T17:09:11.000Z,eBay: Apple iPhone 5 - 32GB - Black &amp; Slate (Unlocked) Smartphone https://t.co/Uhhj3YejrT #apple #iphone #ios https://t.co/HIUlAHLV9O
2017-10-02T17:09:14.000Z,"eBay: Iphone 4 16 GB Very Good Condition, Factory Reset &amp; Unlocked https://t.co/IoV2Z7hpoY #apple #iphone #ios https://t.co/ZPvIRVb9hw"
2017-10-02T17:10:59.000Z,The latest Tech Chop Daily! https://t.co/acpdF1pGpZ Thanks to @ElectronicsNews @C2NET_Project @repkristin #apple #ios
2017-10-02T17:11:17.000Z,RT @e__soriano: I love the message: ‚Äú‚Ä¶ a suggestion: a macOS bug bounty program (for charity)‚Äù #osx #apple #0day https://t.co/K4uag4JhKt
2017-10-02T17:12:24.000Z,"Please check out our Beatles article for Forbes #Beatles #Music #Forbes #stevejobs #iPhone #apple 
https://t.co/IzTLusEZYE"
2017-10-02T17:14:39.000Z,Here's the trailer for my new video.posted today on #youtube #Youtuber #subscribe #apple #iPhone‚Ä¶ https://t.co/BHwMxcAgSJ
2017-10-02T17:14:56.000Z,The Air Force Daily is out! https://t.co/ea8IPn6Vu3 Stories via @gdyndal @iFansCommunity @Balloons2Drones #apple
2017-10-02T17:15:01.000Z,Sweet and awesome #apple events around #Seattle. Taste of Fall: 10 Apple Events for Families https://t.co/1W3ZwRDWcM
2017-10-02T17:15:04.000Z,Security flaw found in Broadcom chipset allows hackers to hijack WiFi connected iPhones https://t.co/IpiQEEM2sm #kcotechsupport   #apple
2017-10-02T17:15:34.000Z,"iMagic Trick for the iPhone, iPad &amp; Apple Watch Promo Video #applewatch #iphone #ipad #apple #app #magic https://t.co/ix19CLREJS Ô£øwatch"
2017-10-02T17:15:46.000Z,This Apple Cider Shandy #cocktail has just 3 ingredients &amp; is the best way to enjoy those #fall #apple flavors!‚Ä¶ https://t.co/8pvKvDwmX2
2017-10-02T17:16:14.000Z,The latest Haunted Holiday! https://t.co/XXtWmQZRCN Thanks to @santafeopera @NewlywedDeals @CyberYentaPrime #apple #spir
2017-10-02T17:16:15.000Z,Would you like an #IPhoneX  for free? Partipate in this contest #apple #november. [https://t.co/Qzst1s3zuX] https://t.co/yCX0JB5VHi
2017-10-02T17:16:18.000Z,"Get Free a new #MacBook Pro with Touch  Bar, Participate Now #apple #december. [https://t.co/SVaTY4nVEi] https://t.co/4VbFoLV6VI"
2017-10-02T17:16:59.000Z,eBay: ANTIQUE IPHONE 3 (with broken screen) https://t.co/IF9RsDcdO2 #apple #iphone #ios https://t.co/wFmrfw8p4I
2017-10-02T17:17:02.000Z,eBay: Bulk Of iPhones 18 Peace https://t.co/JA1JZkRdlN #apple #iphone #ios https://t.co/PuZLlCM8NG
2017-10-02T17:17:52.000Z,WIN a 15 inch #Macbook Pro #MacbookPro #apple #winmacbook  https://t.co/0zwlxqGqDA https://t.co/GXfFHFAzaD
2017-10-02T17:18:35.000Z,"https://t.co/55OLPmUWdA 

is available for sale. 

#domains #websites #ipad #apple #ipaduses #startups via @mainprofiles"
2017-10-02T17:18:39.000Z,"RT @daye_moon: Apparently in Italy they discovered IPhone‚Äôs new super-duper trick: IT‚ÄôS MODULAR ! #iPhone8 #display #apple #trick

https://‚Ä¶"
2017-10-02T17:19:10.000Z,RT @VitaAcrylicArt: –°olor Apples Painting On Black by VitaAcrylicOilArt https://t.co/PTURfGBeto @Etsy #apple #applepainting #kitchenwallart‚Ä¶
2017-10-02T17:19:26.000Z,#Wood #cufflinks #Magical #apple #woodwork #wedding #giftforhim #handmade by TrueWilderness https://t.co/W89agGP1L8 via @Etsy#
2017-10-02T17:19:26.000Z,Shot on #iPhone8Plus #apple #rayban https://t.co/pXxHE361lV
2017-10-02T17:19:35.000Z,"Hi #Spot Mobile, many #thanks Follow The #Cloud #cloudunlock #cloudunlocker #apple #samsung #iphone #icloud https://t.co/J7jYTjSEmi"
2017-10-02T17:19:45.000Z,Some great tips for my customers using Apple's new iOS 11. #apple #tips... https://t.co/FiT1VuAQoO
2017-10-02T17:21:18.000Z,The latest UK Gadget News! https://t.co/kuVT92dEqx Thanks to @tatsuuru @Danieobua @gadget_cat #apple
2017-10-02T17:23:24.000Z,RT @CULLISSE: Apples anyone? Bit blustery out there today. #autumn #farming #harvest #apple #windy üöúüçéüçÇüçÅüçÇ @‚Ä¶ https://t.co/HMSRCZBxpy
2017-10-02T17:24:08.000Z,eBay: Apple iPhone 6s - 32GB - Space Grey (Unlocked) Smartphone https://t.co/Zj2IR7dhNW #apple #iphone #ios https://t.co/jAEdKMWhQL
2017-10-02T17:24:13.000Z,eBay: Apple iPhone 5s - 16GB - Silver (Sprint) Smartphone https://t.co/kVjGTmvjXW #apple #iphone #ios https://t.co/1OxQ8zHlCD
2017-10-02T17:25:04.000Z,The Apple Watch Series 3 Stole The Show at The Apple Event 2017!!! #apple #iphone8 #mondaymorning #tech https://t.co/xDgO9Mo5VO
2017-10-02T17:25:06.000Z,"Why Airpods &amp; their owners have a a love-hate relationship: https://t.co/yV3EYmMsec
#apple #airpods #technology‚Ä¶ https://t.co/ixG3SY5Aii"
2017-10-02T17:25:44.000Z,RT @OmagaMike: #mlpfim #aj #MondayMotivation #EquestriaGirls #apple #farmgirl #mlp #brony #Applejack by ArucardPL https://t.co/xekCRq8K3T
2017-10-02T17:26:07.000Z,RT @Androidiospack: Disable iPhone Touch ID running iOS11 #ios11 #applenews #apple #stevejobs #iphonex #iphone8‚Ä¶ https://t.co/LlYO2D5Zci ht‚Ä¶
2017-10-02T17:26:12.000Z,Every iPhone X sold will bring #Samsung a big payday https://t.co/fBUCtiCNCd #apple #supplychain #iphonex #tech
2017-10-02T17:26:15.000Z,"RT @12livesSg: Would you guys buy the IPhone X
#apple #iPhoneX #SteveJobs #technology #youtube #iPhone 
#iPhone8"
2017-10-02T17:26:17.000Z,"RT @MC_Reiss: Please check out our Beatles article for Forbes #Beatles #Music #Forbes #stevejobs #iPhone #apple 
https://t.co/IzTLusEZYE"
2017-10-02T17:26:50.000Z,Every iPhone X sold will bring #Samsung a big payday https://t.co/GBTx3wuV6Y #apple #supplychain #iphonex #tech
2017-10-02T17:28:41.000Z,"RT @TooMuch_Juice: went thru a lot to get this to y'all. hope you enjoy it ! 

I know present. 
Game &amp; Ambition. 

#apple #tidal‚Ä¶ "
2017-10-02T17:28:51.000Z,Boston Children's Hospital's Dock Health app reduces doctor paperwork‚Ä¶ https://t.co/4TuZ9b618d #ipad #news #apple
2017-10-02T17:28:59.000Z,"'iPad-driven' pizza restaurant, event space to open within walking‚Ä¶ https://t.co/yR5UiNdcvu #ipad #news #apple"
2017-10-02T17:29:37.000Z,Am I the only one being annoyed and getting dizzy by the new UI animated screen effects of  the #apple #iPhone running #iOS11 ?
2017-10-02T17:30:02.000Z,#apple #tech #news Everything you need to know about Android Pay https://t.co/uFOS52yKKr
2017-10-02T17:30:02.000Z,#apple #tech #news Everything you need to know about Android Pay https://t.co/uFOS52yKKr
2017-10-02T17:30:15.000Z,"Congratulations for #2017 GET #FREE #MacbookPro, FOR A LIMITED TIME: https://t.co/RbeySOIXmz #apple #win https://t.co/tIYy5LXJ61"
2017-10-02T17:30:18.000Z,06-07 Tim Cook addresses FBI &amp; encryption controversy at... #Apple https://t.co/LHkv5NPoi9 #apple
2017-10-02T17:30:19.000Z,Smart nursery is making our and our infants life much more comfortable #smarthome #iot #apple #homekit .. https://t.co/NNT2Gvk3mb
2017-10-02T17:30:35.000Z,#iOS 11.0.1 update causes havoc for some #iPhone &amp; #iPad users | ZDNet https://t.co/aUmPoZHhzs Definite black eye for #apple
2017-10-02T17:30:38.000Z,"Delivers intrigue, thrill and suspense DAWN GIRL #rt  #ebook #SocialMedia #rtravel #Free #Amazon #apple https://t.co/3Cz2l9TL7V"
2017-10-02T17:31:42.000Z,eBay: Apple iPhone 7 Plus - 32GB - Black (Unlocked) Smartphone https://t.co/QNSCGpU7pe #apple #iphone #ios https://t.co/aMWfBHIsrH
2017-10-02T17:31:43.000Z,eBay: Clearanace Apple iPhone 5c - 32GB - (Sprint) Green - Good Condition Must Go https://t.co/divHJyyamS #apple‚Ä¶ https://t.co/mHvQfjZ6wb
2017-10-02T17:32:28.000Z,So #apple store dubai says it opens from 10 to10. Been trying to call them for the past 15 min and the answer machine is like: we are closed
2017-10-02T17:32:55.000Z,The latest Tech News! https://t.co/mbIwzp0e79 Thanks to @___saito @Miyichi @NaielahSolomon #apple
2017-10-02T17:33:08.000Z,Smartie homie work in progress #aurora #nanoleaf #elgato #homekit #apple #home https://t.co/GtNFWt38x5 https://t.co/nS3i6G2qcA
2017-10-02T17:33:12.000Z,RT @virginiakimba: 06-07 Tim Cook addresses FBI &amp; encryption controversy at... #Apple https://t.co/LHkv5NPoi9 #apple
2017-10-02T17:33:19.000Z,RT @virginiakimba: 06-07 Tim Cook addresses FBI &amp; encryption controversy at... #Apple https://t.co/LHkv5NPoi9 #apple
2017-10-02T17:33:19.000Z,Every iPhone X sold will bring #Samsung a big payday https://t.co/JDnFtSikX7 #apple #supplychain #iphonex #tech
2017-10-02T17:33:40.000Z,Artist üé® working. üòå #fotograf√≠a #photography #Nikon #apple #manzana üì∑ https://t.co/U7LYZ4gE9r
2017-10-02T17:34:21.000Z,Cool video! https://t.co/L4Qz1o22D2 via @YouTube #coffeebreak #marketing #apple
2017-10-02T17:34:22.000Z,"Hi #Alexa Smith, many #thanks Follow The #Cloud #cloudunlock #cloudunlocker #apple #samsung #iphone #icloud https://t.co/JweZl0MAGQ"
2017-10-02T17:35:48.000Z,The latest The Will Roadhouse Daily! https://t.co/NRzvGgMZjg #iphone #apple
2017-10-02T17:37:07.000Z,#socialmedia #itcd  Every iPhone X sold will bring #Samsung a big payday https://t.co/PR5VGY9cjD #apple
2017-10-02T17:37:19.000Z,Best apps that let you edit Portrait Mode photos in iOS 11 https://t.co/uA0ALsLQHz #apple #feedly
2017-10-02T17:37:44.000Z,Laptop + Phone are matching again. ü§£üëåüèª#matching #macbook #mac #apple #spacegrey #thecrown‚Ä¶ https://t.co/C3IFMqQblT
2017-10-02T17:37:44.000Z,Celebrate #nationalapplemonth with delicious snacks like this #apple sandwich from @thekitchn:‚Ä¶ https://t.co/qApnQINpfW
2017-10-02T17:38:47.000Z,Hands-on: Best fast charger options for iPhone 8 and iPhone X [Video] https://t.co/NEi1gkgI2y #apple #feedly
2017-10-02T17:39:06.000Z,KGI: TrueDepth Camera Gives Apple 2.5 Year Lead Over Android Competitors https://t.co/ZvSHJsnG7p #apple #feedly
2017-10-02T17:39:07.000Z,eBay: Ios 6.1.3!Apple iPhone 4 - 8GB - White (Unlocked) Smartphone Ios 6!! https://t.co/6Hot8fOl1N #apple #iphone‚Ä¶ https://t.co/Pwl5fjlLmL
2017-10-02T17:39:07.000Z,eBay: Faulty Apple iPhone 6s - 64GB - Space Grey Cracked Screen - Free Postage https://t.co/ALPpcBonog #apple‚Ä¶ https://t.co/tN6txzHFsL
2017-10-02T17:39:12.000Z,How to fix iMessage on Hackintosh El Capitan / Sierra https://t.co/Rst4OpF30Y #macOSSierra #hackintosh #apple #macbook #imac #macosx
2017-10-02T17:39:18.000Z,"KGI: Despite production delays, TrueDepth camera puts iPhone X 2.5 years ahead of Android competition https://t.co/hoOvFcR50o #apple"
2017-10-02T17:39:20.000Z,"9to5Toys Lunch Break: 2017 9.7-inch iPad $290, iPhone 7 256GB $600, R.B.I. Baseball for iOS $2, more https://t.co/nrX9MrV80G #apple"
2017-10-02T17:39:39.000Z,"KGI: Despite production delays, TrueDepth camera puts iPhone X 2.5 years ahead of Android competition https://t.co/ptgD5WzbHm #apple"
2017-10-02T17:40:15.000Z,Anyone know how to get virtual keyboard on login page for mac when keyboard doesn't work??? #apple #macbook2016 #help! @Apple @AppleSupport
2017-10-02T17:40:54.000Z,"10 #Marketing Lessons Big #Brands Can Teach #Startups ü§ì

#marketingtips #business #strategy #apple #google #CocaCola https://t.co/Vh3idsoPzu"
2017-10-03T03:57:42.000Z,A feature every female under 40 will definitely not enable. #apple #ios https://t.co/rR2LgQGjEx
2017-10-03T03:58:47.000Z,RT @peoplepark: The latest The peoplepark Daily! https://t.co/qPA4EPWghv Thanks to @comm_wien @Rhetorikmagazin @CIOwirtschaft #apple #google
2017-10-03T03:59:07.000Z,eBay: Apple iPhone 4 - 16GB - Black Smartphone Factory Unlocked FAULTY AU STOCK https://t.co/hAMpVDFg9i #apple‚Ä¶ https://t.co/2BjGKycjdK
2017-10-03T04:00:06.000Z,Do you love technology like I do ?   #apple https://t.co/Dkm3br0nOw
2017-10-03T04:00:28.000Z,"Best Phone Under Rs. 20,000 #lenovo #LenovoK8Note #smartphone #micromax #GalaxyNote8 #v30 #iphone #apple #Nokia #Mob https://t.co/3CF3hzuJlt"
2017-10-03T04:00:35.000Z,"#Cool iMagic Trick for the iPhone, iPad &amp; Apple Watch Video #applewatch #iphone #ipad #apple #app #magic https://t.co/ZFz4X5QCuA Ô£øwatch"
2017-10-03T04:00:54.000Z,Browse &amp; make beautiful Apple Watch faces https://t.co/HPLzIKEoII #applewatch #apple Give your Ô£øWatch a facelift :) https://t.co/sMeztu9O1i
2017-10-03T04:01:07.000Z,eBay: Apple iPhone 6 - 16GB - Space Gray (T-Mobile) Smartphone AS-IS PLEASE READ! https://t.co/Bn46QPC9B9 #apple‚Ä¶ https://t.co/B9cLZAycPo
2017-10-03T04:02:44.000Z,How #apple gon sit there and decide to make #iphonex the #iphone9 next year. Tf üòÇüòÇüòÇüòÇ https://t.co/SDNWtdrpWw
2017-10-03T04:02:57.000Z,"There is, at least, a single shop person who can use sign language in Apple Omotesando. #apple #sign-language"
2017-10-03T04:04:29.000Z,Doc ApprovED: iPad Pros Are the New Laptops - LWW Journals https://t.co/VRKnOXCpTx #ipad #news #apple
2017-10-03T04:06:07.000Z,eBay: Apple iPhone 6s 16GB Space Grey Factory Unlocked Good Condition AU STOCK https://t.co/0TvHkQsIVf #apple‚Ä¶ https://t.co/NjSW0iAjnY
2017-10-03T04:07:12.000Z,This new update though!! It looks weird not used to it! #iPhone #apple
2017-10-03T04:08:12.000Z,RT @iJackCurley: Iphone IOS11.  Aaaaaaaaaaaa. My battery lasts an hour now.  #apple #iOS 11 #applefixit #thinkingPixel
2017-10-03T04:09:11.000Z,eBay: Apple iPhone 5 - 16GB -Blue (Unlocked) Smartphone https://t.co/FUD7zOYFbS #apple #iphone #ios https://t.co/1RGFHXJNKR
2017-10-03T04:09:20.000Z,"Apple Watch ‚åöÔ∏è icons are randomly missing when receiving notifications - tried deleting apps. No avail, all fail #ios11 #apple #watchOS4"
2017-10-03T04:10:58.000Z,"Get Free a new #MacBook Pro with Touch Bar, Participate Now  #apple #december [https://t.co/JkcsoRYnm3] https://t.co/ELM91Nl80K"
2017-10-03T04:11:01.000Z,"billk300 just moved into first place on DodgeDot! Score 1,074,787, Level 70, Round (Spacecraft) #iphone #games #apple"
2017-10-03T04:11:02.000Z,Easy #apple #kheer in just few minutes get the #recipe here https://t.co/YQGv5A3hNN https://t.co/cnfHikcDh4
2017-10-03T04:12:06.000Z,"Apple Watch Series 1 Smartwatch
#roze #smartwatch #apple #pink #kado #meid #meiden #kadotip #watch #horloge #girls https://t.co/Yc41i15wTF"
2017-10-03T04:14:06.000Z,Oh yes I did #iphone8  the fastest phone alive #apple #rocks bye #Android it was a great #four‚Ä¶ https://t.co/BYd10sCPhd
2017-10-03T04:17:07.000Z,eBay: Apple iPhone 7 Plus (PRODUCT)RED - 256GB - (Unlocked) Smartphone https://t.co/Of9bSIMl5x #apple #iphone #ios https://t.co/KfdrYw4BpP
2017-10-03T04:19:54.000Z,RT @pillcrow_com: We've just launched our new #imessage #stickers pack on the #apple #AppStore. Behance: ‚ÄûSolid Solids‚Äù https://t.co/A76kEN‚Ä¶
2017-10-03T04:20:07.000Z,eBay: iPhone 6s 16GB Gold Unlocked (no touch ID) https://t.co/15pyuDfJlL #apple #iphone #ios https://t.co/cyoarlpZz1
2017-10-03T04:22:47.000Z,#apple #iphonesia  Short Cable for iPhone https://t.co/Aa4dByixRb https://t.co/39eW9Cs7Na
2017-10-03T04:23:08.000Z,The latest The Tech In Motion Daily! https://t.co/B0TukyI2Qi Thanks to @LinuxGamesTV @PythonEspanol @all_mobils #apple #geek
2017-10-03T04:24:07.000Z,Play Healthy Load of Points #instantwingame for a chance to win! #apple #orange #yum #fit https://t.co/XkqVGMsS5b via @SYWSweeps
2017-10-03T04:24:59.000Z,"You are NOT THE BOSS of me, MY CAT ISüòÜüòÜ

#caseunited #iphone #apple #cat #cute #costume #gag #girly https://t.co/yLWB7H3EaL"
2017-10-03T04:25:00.000Z,"RT @CaseUnited: You are NOT THE BOSS of me, MY CAT ISüòÜüòÜ

#caseunited #iphone #apple #cat #cute #costume #gag #girly https://t.co/yLWB7H3EaL"
2017-10-03T04:25:01.000Z,eBay: Apple iPhone 5c - 8GB - White (AT&amp;T) Smartphone https://t.co/nrb4YsiOav #apple #iphone #ios
2017-10-03T04:26:45.000Z,#apple Has Reportedly Set Up Its First R&amp;D Centre in China. #hrtechnology #toshiba https://t.co/2BvwBUriNp
2017-10-03T04:27:05.000Z,eBay: Apple iPhone 5s - 16GB - Space Grey FACTORY UNLOCKED Good Condition AU STOCK https://t.co/bCrrvXr2XA #apple‚Ä¶ https://t.co/wCZPftwncZ
2017-10-03T04:30:12.000Z,Wolfe's new protagonist is awesome! THE WATSON GIRL #Retweet #G1 #ebook #SocialMedia #rtravel #Free #Amazon #apple https://t.co/WBlpp7p1uC
2017-10-03T04:30:30.000Z,‚ù§R‚ààTW‚àà‚ààT: if you NEED MORE FOLLOWERS‚ù§ Join #TeamBossyGals RT share our #Love‚ûΩ https://t.co/YrMQKD7oOt #apple
2017-10-03T04:30:50.000Z,This guy is funny lol #apple #cnn #guncontrol #tmz #default #AppleSupport #VegasStrong #TomPetty #Google #iPhoneX‚Ä¶ https://t.co/MagHasmN5o
2017-10-03T04:30:51.000Z,RT @flamingblue1: This guy is funny lol #apple #cnn #guncontrol #tmz #default #AppleSupport #VegasStrong #TomPetty #Google #iPhoneX‚Ä¶ 
2017-10-03T04:31:28.000Z,#healthy #dinner #best #apple #cider #vinegar #for #weight #loss  CLICK HERE ‚û° https://t.co/JxEJcD52g0
2017-10-03T04:32:48.000Z,RT @ajsweetsoap: Caramel Apple Soap by ajsweetsoap  https://t.co/RhkDKxBVfa via @Etsy happy #nationalapplemonth #apple #halloween #autumn #‚Ä¶
2017-10-03T04:32:53.000Z,RT @ajsweetsoap: Celebrate #nationalapplemonth -  Apple Tart Pastry Soap by ajsweetsoap  https://t.co/19NL9rc2Zi via @Etsy #apple #soap #fa‚Ä¶
2017-10-03T04:33:11.000Z,eBay: Apple iPhone 7 - 32GB - Black (Sprint) Smartphone https://t.co/xn3Kzb0gOD #apple #iphone #ios https://t.co/W2APN5rkQ8
2017-10-03T04:33:12.000Z,RT @ajsweetsoap: Celebrate #nationalapplemonth -  Apple Tart Pastry Soap by ajsweetsoap  https://t.co/19NL9rc2Zi via @Etsy #apple #soap #fa‚Ä¶
2017-10-03T04:33:41.000Z,ios 11.1 b1 is so buggy... battery life is terrible... getting only 4 hours of backup on i7. @AppleSupport #ios11 #apple
2017-10-03T04:34:05.000Z,This is where @googlephotos still trounces @apple‚Äôs #Photos.app! ‚ù§Ô∏è #google #googlephotos #apple #ios https://t.co/jQXq1YpFhU
2017-10-03T04:35:19.000Z,"RT @Pratt____: Thanx for purchasing #iPhoneX üòá 

#apple #iphone #iphoneX #iphone8 @tim_cook https://t.co/rsIb0stJFH"
2017-10-03T04:35:41.000Z,Play Healthy Load of Points #instantwingame for a chance to win! #apple #orange #yum #fit https://t.co/YUZ6jzGt0p via @SYWSweeps
2017-10-03T04:35:54.000Z,The latest THE GIGAISLAND DAILY filled w/ALOHA! https://t.co/JL42B0oA2Z Thanks to @Viss @packtolife #apple #hawaii
2017-10-03T04:35:58.000Z,FBI allowed to keep details of iPhone hacking secret https://t.co/QaAalu712a  via @ABCNews #apple #infosec
2017-10-03T04:36:05.000Z,eBay: Apple iPhone 4s - 16GB - Black Factory Unlocked GOOD CONDITION USED AU STOCK https://t.co/KCHmcsO4r9 #apple‚Ä¶ https://t.co/GZ0IaJIE3E
2017-10-03T04:37:06.000Z,"Get the most out of your device with our amazing range of great value products!

#apple #iphonesia https://t.co/7ksSeeR1qq"
2017-10-03T04:39:33.000Z,RT @QUT_IP: FBI allowed to keep details of iPhone hacking secret https://t.co/QaAalu712a  via @ABCNews #apple #infosec
2017-10-03T04:40:10.000Z,eBay: Apple iPhone 6 Plus - 16GB - Space Grey (AT&amp;T) Smartphone https://t.co/lWKfu8Q1uX #apple #iphone #ios https://t.co/Cq4WRufAy3
2017-10-03T04:40:37.000Z,Very relatable! #apple #funny @TheEllenShow let's get this on Ellen make sure to tag @TheEllenShow https://t.co/Ncbm7KmlGG
2017-10-03T04:40:39.000Z,Play Healthy Load of Points #instantwingame for a chance to win! #apple #orange #yum #fit https://t.co/PD3ct9s0W5 via @SYWSweeps
2017-10-03T04:45:34.000Z,&gt;&gt;&gt;&gt;&gt; https://t.co/hWAKmNYqFc #iphone #apple #sale Apple iPhone 7 - 128GB - Jet Black (Verizon) Smartphone https://t.co/lmRismIj4X
2017-10-03T04:45:34.000Z,&gt;&gt;&gt;&gt;&gt; https://t.co/hWAKmNYqFc #iphone #apple #sale Apple iPhone 7 128GB Jet Black GSM Global Factory Unlocked C... https://t.co/gP7UD3iFT7
2017-10-03T04:46:00.000Z,"#iPhoneX #iphone8 #iphone #apple #os #OS 

BRING BACK the OLD ARABIC FONT"
2017-10-03T04:49:33.000Z,BEST BUY Apple MacBook A√≠r MJVE2LL/A 13.3-Inch Laptop  https://t.co/PB1563GFcu TECH - COMPUTERS #133inch #apple #best CLASSIFIEDS ADS GRATIS
2017-10-03T04:50:03.000Z,Never tired of admiring nature‚Äôs beauty üòÉ#iphone7plus #apple #singapore #sengkang #sunset‚Ä¶ https://t.co/sDRRR7Uo15
2017-10-03T04:50:07.000Z,eBay: Apple iPhone 5S 16GB Space Grey 4G LTE FACTORY UNLOCKED Smartphone AU STOCK https://t.co/IcgNMNmiQ2 #apple‚Ä¶ https://t.co/dt4sutwbVv
2017-10-03T04:50:35.000Z,RT @ajsweetsoap: Caramel Apple Soap by ajsweetsoap  https://t.co/RhkDKxBVfa via @Etsy happy #nationalapplemonth #apple #halloween #autumn #‚Ä¶
2017-10-03T04:51:41.000Z,What‚Äôs new with the Apple Watch #Apple... #Apple https://t.co/x4Z2tnEWK6 #apple
2017-10-03T04:51:46.000Z,What‚Äôs new with the Apple Watch #Apple... #Apple https://t.co/8wADx4SekR #apple
2017-10-03T04:53:02.000Z,"#Tech How to Compress, Reduce Video Size in iPhone for Free: Video Size Slimmer for Email, Oth https://t.co/UEdGyXGmE5 #apple #howtos #tech"
2017-10-03T04:53:25.000Z,"Have you updated your iPhone? 

#mlitsnews #thehackernews #iphonewifiissue #wifivulnerabilities #apple https://t.co/2qytb9C769"
2017-10-03T04:55:13.000Z,Apps: Publisher Plus (Mac) Most of us would love to have our jobs done as soon as possible especially when https://t.co/vbOCwvZOgF #apple
2017-10-03T04:55:42.000Z,"#5: Playmais World Farm
https://t.co/FgMYahmHC9

#apple #android #microsoft #news #offerte #whatsapp #twitter #computer"
2017-10-03T04:55:42.000Z,#red cabbage #carrot #apple #slaw #sogoodüëç by Gail's Creations https://t.co/Ah3M2pd9Uc
2017-10-03T04:55:57.000Z,"#4: NTFS for Mac¬Æ 14 (versions ...
https://t.co/oaTo15ZQ8j

#apple #android #microsoft #news #offerte #whatsapp #twitter #computer"
2017-10-03T04:56:05.000Z,"eBay: Apple iPhone 6 - 16GB (AT&amp;T H20 Net10) 4G LTE Smartphone Gold, FAIR condition! https://t.co/wtxpALQy2Y #apple‚Ä¶ https://t.co/BWcOStiYYe"
2017-10-03T04:56:32.000Z,"#2: Windows 10 Professional 64-Bit ...
https://t.co/BwkIvsVcus

#apple #android #microsoft #news #offerte #whatsapp #twitter #computer"
2017-10-03T04:56:39.000Z,The latest The HowmaNoid Daily! https://t.co/qKUAe90Bnt Thanks to @LainieKartoon @louleporace @happyallie #apple #tech
2017-10-03T04:56:53.000Z,"#1: Grand Design 3D Bathroom/Kitchen
https://t.co/9EY6UUcFjk

#apple #android #microsoft #news #offerte #whatsapp #twitter #computer"
2017-10-03T04:58:10.000Z,How to Pronounce Persimmons ‚Ü∫RT‚ù§ https://t.co/y1bbNnlJdX #disease #penis #Persimmon #persimmon #annoying #apple #accent #pi
2017-10-03T04:58:11.000Z,How to Pronounce Persimmons ‚Ü∫RT‚ù§ https://t.co/ymOO9TDmTD #fat #orange #annoying #persimmon #apple #accent #Persimmon #ugly
2017-10-03T04:58:12.000Z,How to Pronounce Persimmon ‚Ü∫RT‚ù§ https://t.co/lyRwIZr8ac #penis #orange #apple #ugly #persimmon #disease #sti #persi #annoyi
2017-10-03T04:58:12.000Z,How to Pronounce Persimmon ‚Ü∫RT‚ù§ https://t.co/eI7wXVS9DR #fruit #apple #penis #disease #persi #ugly #banana #annoying #orang
2017-10-03T04:58:25.000Z,#make #quick #cash #free #online #money #making #how to #get #out of a #scam #apple  CLICK HERE ‚û° https://t.co/GT9i41X6BK
2017-10-03T04:59:10.000Z,Would you like an #IPhoneX for  free? Partipate in this contest #apple #november [https://t.co/i0fVLNZay9] https://t.co/SiYOq5uGSo
2017-10-03T04:59:12.000Z,How to f**k something up? Ask #apple ... iOS 11.0.1 on 6S+ horrible...
2017-10-03T05:00:12.000Z,Browse &amp; make beautiful Apple Watch faces https://t.co/HPLzIKEoII #applewatch #apple Give your Ô£øWatch a facelift :) https://t.co/LpdPKYW8b4
2017-10-03T05:00:19.000Z,ArsTechnica| Apple File System in macOS High Sierra won‚Äôt work with Fusion Drives  #Tech #apfs #apple‚Ä¶ https://t.co/j9TQSIBov4
2017-10-03T05:00:28.000Z,Apple's iPhone8 Event - Sept 12th https://t.co/6eetKjZFiF #iphone8 #apple
2017-10-03T05:00:46.000Z,The latest The Miguel Jamous Daily! https://t.co/Wjknr7xCf9 Thanks to @WorkspaceONE @MSIntune @simonster #apple #office365
2017-10-03T05:01:21.000Z,RT @ReduxMedia: Apple is making moves to open up its iAd platform to publishers for free #programmatic #apple https://t.co/CENuCNN2ec
2017-10-03T05:04:07.000Z,eBay: Apple iPhone 7 Plus 128GB Black Verizon Sold As Is Cracked Read Please https://t.co/cehlZYf6ER #apple #iphone‚Ä¶ https://t.co/y4qsMIRk7a
2017-10-03T05:05:26.000Z,"Google Photos ‚Äì Google, Inc. https://t.co/vdKnv3NgtM #apple #apps #photo-video"
2017-10-03T05:06:03.000Z,eBay: Apple iPhone 6s - 32GB - Space Grey (Unlocked) https://t.co/9a5KUhBj8D #apple #iphone #ios https://t.co/nwK7cwHk4D
2017-10-03T05:06:47.000Z,Sometimes apple you do everything for me sometimes you're just not good enough #apple
2017-10-03T05:08:05.000Z,"""It's very easy to be different, but very difficult to be better."" ‚Äì Jony Ive #apple #design #ux #ui #mac #quotes‚Ä¶ https://t.co/7MpXnR3t7S"
2017-10-03T05:10:15.000Z,"""It's very easy to be different, but very difficult to be better."" ‚Äì Jony Ive #apple #design #ux #ui #mac #quotes‚Ä¶ https://t.co/qB7N4zx23O"
2017-10-03T05:10:59.000Z,"My #AppleWatch reminds me to standup every hour, all through the fucking night while I‚Äôm trying to sleep. Has #apple gone #fullretard?"
2017-10-03T05:12:04.000Z,eBay: Apple iPhone 7 128GB Matte Black Box Only NO PHONE https://t.co/HfTChMYiPo #apple #iphone #ios https://t.co/PmLLSfNIps
2017-10-03T05:13:26.000Z,Forgot to post last month for this month #October #teachergift #apple full of #bathandbodyworks‚Ä¶ https://t.co/DO1v08gPQI
2017-10-03T05:14:07.000Z,eBay: Apple iPhone SE 16GB -Rose Gold Unlocked Smartphone - PRISTINE MINT CONDITION https://t.co/nUy7kxOIVd #apple‚Ä¶ https://t.co/ys3hnk6OO1
2017-10-03T05:14:49.000Z,"RT @aboutdfir: Well thank you iOS11 for having built in anti-forensics... 

#dfir #iphone #apple #antiforensics #digitalforesics‚Ä¶ "
2017-10-03T05:16:17.000Z,RT @seattleplaylist: Sweet and awesome #apple events around #Seattle. Taste of Fall: 10 Apple Events for Families https://t.co/1W3ZwRDWcM
2017-10-03T05:17:27.000Z,Apple unveils its new smaller iPhone #Apple... #Apple https://t.co/SfGFAkhR44 #apple
2017-10-03T05:18:19.000Z,Doc ApprovED: iPad Pros Are the New Laptops - LWW Journals https://t.co/pBtjP54wMj #ipad #news #apple
2017-10-03T05:19:08.000Z,eBay: IPhone 7 Plus Clone https://t.co/5QdqxjHx1D #apple #iphone #ios https://t.co/68rk3ee3CR
2017-10-03T05:19:51.000Z,RT @ReactDOM: How to add new Apple device to Bitrise.io https://t.co/kE3bEeJoWE #reactnative #bitrise #apple #ios #uuid #reactjs‚Ä¶ 
2017-10-03T05:19:59.000Z,#applepie #apple #ËãπÊûú #ËãπÊûúÊ¥æ my videos link at bio https://t.co/OgBD5wfW1J
2017-10-03T05:20:59.000Z,eBay: Apple iPhone 6s - 64GB - Silver Smartphone - CheckMend report to prove clean. https://t.co/aiN6xM6AH6 #apple‚Ä¶ https://t.co/0hRHUGTe3k
2017-10-03T05:23:26.000Z,The latest The Lady of Class and Style! https://t.co/CQq8hszbqN Thanks to @internetmanners #howto #apple
2017-10-03T05:23:26.000Z,Apple opensourced IOS and MacOS kernel #opensource #apple #github #ios #macos https://t.co/8FI8X2Ax92
2017-10-03T05:23:52.000Z,"My Iphone‚Äôs like a landline now, more on charging cable, less in my hands #ios11 #ios11update #apple #ios11problems"
2017-10-03T05:26:05.000Z,Adding a little #mctoil to  my #smoothie servdfresh #tumeric #orange #apple #lemon #honey‚Ä¶ https://t.co/oOUBIPhYm1
2017-10-03T05:26:17.000Z,Annoying. So when is 11..2 coming out? Because 11.1 was supposed to fix 11 and messed it up more. #apple   https://t.co/52B90XqAna
2017-10-03T05:27:03.000Z,eBay: Apple iPhone 7 - 128GB - Rose Gold (Unlocked) Smartphone https://t.co/6mMEn5pFcU #apple #iphone #ios
2017-10-03T05:27:47.000Z,RT @seattleplaylist: Sweet and awesome #apple events around #Seattle. Taste of Fall: 10 Apple Events for Families https://t.co/1W3ZwRDWcM
2017-10-03T05:28:24.000Z,RT @seattleplaylist: Sweet and awesome #apple events around #Seattle. Taste of Fall: 10 Apple Events for Families https://t.co/1W3ZwRDWcM
2017-10-03T05:29:08.000Z,eBay: Apple iPhone 6S Plus 16GB Rose Gold Unlocked Used Very Good Condition https://t.co/J9Nq47F0SP #apple #iphone‚Ä¶ https://t.co/7AfHYygIaa
2017-10-03T05:29:43.000Z,RT @HeyDesigner: Apple is really bad at design https://t.co/sOjXNaasl6 #apple #iphone
2017-10-03T05:31:24.000Z,My stainless steel Apple Watch Series 0 still going strong with it's home automation thing ‚úåüèª https://t.co/6T9MQDizlt #apple #tech
2017-10-03T05:31:27.000Z,A Murder On Orchard Street - ABC News https://t.co/C9ZpP01foa #apple #podcast
2017-10-03T05:33:33.000Z,eBay: Apple iPhone 8 - 64GB - Gold (T-Mobile) Smartphone https://t.co/hO4gvKZ2Gb #apple #iphone #ios https://t.co/T0F2yMIg3D
2017-10-03T05:34:01.000Z,#fashion #apple  #entrepreneur 9H Premium Tempered Glass for iPhone https://t.co/X0XFZXTSDQ https://t.co/eDz8K5xZDG
2017-10-03T05:34:19.000Z,How to Pronounce Pussy Willow ‚Ü∫RT‚ù§ https://t.co/kthVNWEnGo #old #cunt #lion #apple #mouser #lime #beryl #bobcat #jade #clit
2017-10-03T05:36:32.000Z,The latest The Metals-Trader Daily! https://t.co/Cgmyl1kMVD Thanks to @OurWorldChange #apple #stoptechnocracy
2017-10-03T05:36:53.000Z,"RT @CallumGivess: Macbook Pro Giveaway‚ù§
Winners At 300 Retweetsüôà
Follow And Retweet To WinüòÜ

#giveaway #macbook #apple #applegiveaway #ipho‚Ä¶"
2017-10-03T05:37:10.000Z,eBay: Iphone 6 Spares Or Repair https://t.co/E6SqgNtjlG #apple #iphone #ios https://t.co/oKjcnZJdqb
2017-10-03T05:38:18.000Z,"Apple Faces Down Qualcomm, Ericsson Over EU Patent Fees
Read more: https://t.co/q2GMzexLW8
#apple #mobiles #telecom https://t.co/ccTqInxn4c"
2017-10-03T05:40:58.000Z,"Samsung is waiting on Apple for Gear Fit2 Pro support on iOS
#samsung #apple #support https://t.co/yIB5gt8SrY https://t.co/WwWd2htXkU"
2017-10-03T05:41:07.000Z,eBay: Apple iPhone 5C A1532 Fido White 8GB Poor Condition(PR4552) https://t.co/gYBZ64h9Eb #apple #iphone #ios https://t.co/VC1802nW4f
2017-10-03T05:46:50.000Z,"Fruitful
'
'
#autumn #harvest #fruits #apple #tree #apples #fruit #october #fall #red #green #instadaily #instapic‚Ä¶‚Ä¶ https://t.co/9NLfZxYGaS"
2017-10-03T05:46:58.000Z,Hob Review ‚Äì Reclaiming A Beautiful World - https://t.co/jaCwRwKZN0 #tech #apple #gadgets #internet #ff #rt #follow
2017-10-03T05:49:09.000Z,eBay: Sprint Apple iPhone 6 Plus - 16GB - Space Gray New Unopened https://t.co/etkuRJaNui #apple #iphone #ios https://t.co/WQcBP7ASCl
2017-10-03T05:49:43.000Z,RT @s_masood6: My whole family is converting to iOS üôèüëè #apple @tim_cook
2017-10-03T05:51:07.000Z,eBay: Apple iPhone 4 - 8GB - Black (LOCKED)Smartphone https://t.co/Yir8srBPa9 #apple #iphone #ios https://t.co/4sdkKTkcNp
2017-10-03T05:51:12.000Z,UNBOXING h Laptop |  for sale |  for sale | laptop best pr√≠ce https://t.co/cXt3W78YPu TECH -  #12inch #apple #best CLASSIFIEDS ADS GRATIS
2017-10-03T05:51:24.000Z,Is #watchOS4 supposed to take forever to install? #apple @apple
2017-10-03T05:51:52.000Z,"Dear All 
We are pleased üòÅ to announce the awaited Next flagship for #apple üçé WATCH SERIES 3‚Ä¶ https://t.co/nJyiQX9iPb"
2017-10-03T05:52:24.000Z,How to Pronounce Kelly Packard ‚Ü∫RT‚ù§ https://t.co/F08SL5wcTa #beautiful #beryl #funny #fun #vert #amazing #apple #butterfly
2017-10-03T07:00:56.000Z,#Innovation at @Apple @AppleSupport ain't what it used to be #apple #iPhone https://t.co/9jqso1QkwB
2017-10-03T07:02:21.000Z,RT @connoredwards: Has anyone else‚Äôs Apple Home app been wiped of all devices? Fine on iPad but everything is gone on my phone. #apple #tec‚Ä¶
2017-10-03T07:03:14.000Z,What tools do you need to create an #apple like #retail experience in your #pharmacy? #transpharmation https://t.co/rLZNOu0IkL
2017-10-03T07:04:07.000Z,eBay: Apple iPhone 8 Plus - 256GB - Space Gray (Verizon) Smartphone https://t.co/i4sFOP0UYR #apple #iphone #ios
2017-10-03T07:04:08.000Z,eBay: Apple iPhone 6s - 64GB - Rose Gold (Unlocked) Smartphone https://t.co/L40SxnCkBg #apple #iphone #ios https://t.co/POXOhUwaco
2017-10-03T07:09:09.000Z,iPhone 8üì≤‚ò∫Ô∏è #iphone #iphone8 #iphoneography #iphoneonly #apple #applestore #ios #business #brand‚Ä¶ https://t.co/vUklNaUrO1
2017-10-03T07:09:56.000Z,"Since ios11 Safari no longer working on my ipad, is there any solution??#apple #ios11 #help"
2017-10-03T07:11:15.000Z,How to Pronounce Kelly Preston ‚Ü∫RT‚ù§ https://t.co/QtiCIojFcO #moss #apple #sexy #pretty #forest #loud #Kelly #willow #amazin
2017-10-03T07:11:15.000Z,How to Pronounce Kelly Preston ‚Ü∫RT‚ù§ https://t.co/QtiCIojFcO #loud #pretty #cute #Kelly #canadian #sexy #apple #bootylicious
2017-10-03T07:11:36.000Z,eBay: Apple iPhone 6s - 64GB - Space Gray (Verizon) Smartphone https://t.co/uamQDdAfUA #apple #iphone #ios https://t.co/8tmVwXH2lB
2017-10-03T07:11:36.000Z,eBay: APPLE iPHONE 5 32GB White Virgin Mobile in working order - Spare https://t.co/dWqJVVzaV0 #apple #iphone #ios https://t.co/1KQ8o5KLWU
2017-10-03T07:12:11.000Z,How to Pronounce Kelly McGillis ‚Ü∫RT‚ù§ https://t.co/zeMDKZALbI #kelley #sap #adorable #canadian #sage #greenish-blue #apple #
2017-10-03T07:12:42.000Z,We are Celebrating #apple  #month @CafeORTUS. 1 apple a day keeps the doctors away. #HealthyLiving #ImPerfect fruit‚Ä¶ https://t.co/RsZpwAA58b
